ma_chao_western_warrior.jpg	http://mtgpics.chutography.com/P3/Ma%20Chao,%20Western%20Warrior.full.jpg
macabre_waltz.jpg	http://mtgpics.chutography.com/DIS/Macabre%20Waltz.full.jpg
macetail_hystrodon.jpg	http://mtgpics.chutography.com/LE/Macetail%20Hystrodon.full.jpg
machinate.jpg	http://mtgpics.chutography.com/DS/Machinate.full.jpg
mad_auntie.jpg	http://mtgpics.chutography.com/LRW/Mad%20Auntie.full.jpg
mad_dog.jpg	http://mtgpics.chutography.com/OD/Mad%20Dog.full.jpg
madblind_mountain.jpg	http://mtgpics.chutography.com/SHM/Madblind%20Mountain.full.jpg
maddening_imp.jpg	http://mtgpics.chutography.com/TE/Maddening%20Imp.full.jpg
maddening_wind.jpg	http://mtgpics.chutography.com/IA/Maddening%20Wind.full.jpg
madrush_cyclops.jpg	http://mtgpics.chutography.com/ARB/Madrush%20Cyclops.full.jpg
maelstrom_archangel.jpg	http://mtgpics.chutography.com/CFX/Maelstrom%20Archangel.full.jpg
maelstrom_djinn.jpg	http://mtgpics.chutography.com/FUT/Maelstrom%20Djinn.full.jpg
maelstrom_nexus.jpg	http://mtgpics.chutography.com/ARB/Maelstrom%20Nexus.full.jpg
maelstrom_pulse.jpg	http://mtgpics.chutography.com/ARB/Maelstrom%20Pulse.full.jpg
maga_traitor_to_mortals.jpg	http://mtgpics.chutography.com/SOK/Maga,%20Traitor%20to%20Mortals.full.jpg
mage_il_vec.jpg	http://mtgpics.chutography.com/EX/Mage%20il-Vec.full.jpg
mage_slayer.jpg	http://mtgpics.chutography.com/ARB/Mage%20Slayer.full.jpg
magebane_armor.jpg	http://mtgpics.chutography.com/M10/Magebane%20Armor.full.jpg
magefire_wings.jpg	http://mtgpics.chutography.com/ARB/Magefire%20Wings.full.jpg
mages_contest.jpg	http://mtgpics.chutography.com/IN/Mages'%20Contest.full.jpg
mages_guile.jpg	http://mtgpics.chutography.com/ON/Mage's%20Guile.full.jpg
mageta_the_lion.jpg	http://mtgpics.chutography.com/PY/Mageta%20the%20Lion.full.jpg
magetas_boon.jpg	http://mtgpics.chutography.com/PY/Mageta's%20Boon.full.jpg
magewrights_stone.jpg	http://mtgpics.chutography.com/DIS/Magewright's%20Stone.full.jpg
maggot_carrier.jpg	http://mtgpics.chutography.com/8E/Maggot%20Carrier.full.jpg
maggot_therapy.jpg	http://mtgpics.chutography.com/MM/Maggot%20Therapy.full.jpg
magical_hack.jpg	http://mtgpics.chutography.com/5E/Magical%20Hack.full.jpg
magical_hacker.jpg	http://mtgpics.chutography.com/UNH/Magical%20Hacker.full.jpg
magister_sphinx.jpg	http://mtgpics.chutography.com/CFX/Magister%20Sphinx.full.jpg
magistrates_scepter.jpg	http://mtgpics.chutography.com/MM/Magistrate's%20Scepter.full.jpg
magistrates_veto.jpg	http://mtgpics.chutography.com/MM/Magistrate's%20Veto.full.jpg
magma_burst.jpg	http://mtgpics.chutography.com/PS/Magma%20Burst.full.jpg
magma_giant.jpg	http://mtgpics.chutography.com/FD/Magma%20Giant.full.jpg
magma_jet.jpg	http://mtgpics.chutography.com/FD/Magma%20Jet.full.jpg
magma_mine.jpg	http://mtgpics.chutography.com/VI/Magma%20Mine.full.jpg
magma_phoenix.jpg	http://mtgpics.chutography.com/M10/Magma%20Phoenix.full.jpg
magma_rift.jpg	http://pics.slightlymagic.net/ZEN/Magma%20Rift.full.jpg
magma_sliver.jpg	http://mtgpics.chutography.com/LE/Magma%20Sliver.full.jpg
magma_spray.jpg	http://mtgpics.chutography.com/ALA/Magma%20Spray.full.jpg
magma_vein.jpg	http://mtgpics.chutography.com/OD/Magma%20Vein.full.jpg
magmasaur.jpg	http://mtgpics.chutography.com/TE/Magmasaur.full.jpg
magmatic_core.jpg	http://mtgpics.chutography.com/CS/Magmatic%20Core.full.jpg
magnetic_flux.jpg	http://mtgpics.chutography.com/DS/Magnetic%20Flux.full.jpg
magnetic_mountain.jpg	http://mtgpics.chutography.com/4E/Magnetic%20Mountain.full.jpg
magnetic_theft.jpg	http://mtgpics.chutography.com/FD/Magnetic%20Theft.full.jpg
magnetic_web.jpg	http://mtgpics.chutography.com/TE/Magnetic%20Web.full.jpg
magnify.jpg	http://mtgpics.chutography.com/UD/Magnify.full.jpg
magnigoth_treefolk.jpg	http://mtgpics.chutography.com/PS/Magnigoth%20Treefolk.full.jpg
magnivore.jpg	http://mtgpics.chutography.com/9E/Magnivore.full.jpg
magosi_the_waterveil.jpg	http://pics.slightlymagic.net/ZEN/Magosi,%20the%20Waterveil.full.jpg
magus_of_the_abyss.jpg	http://mtgpics.chutography.com/FUT/Magus%20of%20the%20Abyss.full.jpg
magus_of_the_arena.jpg	http://mtgpics.chutography.com/PLC/Magus%20of%20the%20Arena.full.jpg
magus_of_the_bazaar.jpg	http://mtgpics.chutography.com/PLC/Magus%20of%20the%20Bazaar.full.jpg
magus_of_the_candelabra.jpg	http://mtgpics.chutography.com/TSP/Magus%20of%20the%20Candelabra.full.jpg
magus_of_the_coffers.jpg	http://mtgpics.chutography.com/PLC/Magus%20of%20the%20Coffers.full.jpg
magus_of_the_disk.jpg	http://mtgpics.chutography.com/TSP/Magus%20of%20the%20Disk.full.jpg
magus_of_the_future.jpg	http://mtgpics.chutography.com/FUT/Magus%20of%20the%20Future.full.jpg
magus_of_the_jar.jpg	http://mtgpics.chutography.com/TSP/Magus%20of%20the%20Jar.full.jpg
magus_of_the_library.jpg	http://mtgpics.chutography.com/PLC/Magus%20of%20the%20Library.full.jpg
magus_of_the_mirror.jpg	http://mtgpics.chutography.com/TSP/Magus%20of%20the%20Mirror.full.jpg
magus_of_the_moat.jpg	http://mtgpics.chutography.com/FUT/Magus%20of%20the%20Moat.full.jpg
magus_of_the_moon.jpg	http://mtgpics.chutography.com/FUT/Magus%20of%20the%20Moon.full.jpg
magus_of_the_scroll.jpg	http://mtgpics.chutography.com/TSP/Magus%20of%20the%20Scroll.full.jpg
magus_of_the_tabernacle.jpg	http://mtgpics.chutography.com/PLC/Magus%20of%20the%20Tabernacle.full.jpg
magus_of_the_unseen.jpg	http://mtgpics.chutography.com/5E/Magus%20of%20the%20Unseen.full.jpg
magus_of_the_vineyard.jpg	http://mtgpics.chutography.com/FUT/Magus%20of%20the%20Vineyard.full.jpg
mahamoti_djinn.jpg	http://mtgpics.chutography.com/10E/Mahamoti%20Djinn.full.jpg
major_teroh.jpg	http://mtgpics.chutography.com/TO/Major%20Teroh.full.jpg
makeshift_mannequin.jpg	http://mtgpics.chutography.com/LRW/Makeshift%20Mannequin.full.jpg
makindi_shieldmate.jpg	http://pics.slightlymagic.net/ZEN/Makindi%20Shieldmate.full.jpg
malach_of_the_dawn.jpg	http://mtgpics.chutography.com/PLC/Malach%20of%20the%20Dawn.full.jpg
malachite_golem.jpg	http://mtgpics.chutography.com/MR/Malachite%20Golem.full.jpg
malachite_talisman.jpg	http://mtgpics.chutography.com/IA/Malachite%20Talisman.full.jpg
malakir_bloodwitch.jpg	http://pics.slightlymagic.net/ZEN/Malakir%20Bloodwitch.full.jpg
malevolent_awakening.jpg	http://mtgpics.chutography.com/OD/Malevolent%20Awakening.full.jpg
malfegor.jpg	http://mtgpics.chutography.com/CFX/Malfegor.full.jpg
malicious_advice.jpg	http://mtgpics.chutography.com/PS/Malicious%20Advice.full.jpg
malignant_growth.jpg	http://mtgpics.chutography.com/MI/Malignant%20Growth.full.jpg
mammoth_harness.jpg	http://mtgpics.chutography.com/HL/Mammoth%20Harness.full.jpg
man_o_war.jpg	http://mtgpics.chutography.com/PT/Man-o'-War.full.jpg
man_of_measure.jpg	http://mtgpics.chutography.com/UNH/Man%20of%20Measure.full.jpg
mana_breach.jpg	http://mtgpics.chutography.com/7E/Mana%20Breach.full.jpg
mana_cache.jpg	http://mtgpics.chutography.com/NE/Mana%20Cache.full.jpg
mana_chains.jpg	http://mtgpics.chutography.com/WL/Mana%20Chains.full.jpg
mana_clash.jpg	http://mtgpics.chutography.com/9E/Mana%20Clash.full.jpg
mana_crypt.jpg	http://mtgpics.chutography.com/HPB/Mana%20Crypt.full.jpg
mana_cylix.jpg	http://mtgpics.chutography.com/PS/Mana%20Cylix.full.jpg
mana_drain.jpg	http://mtgpics.chutography.com/LG/Mana%20Drain.full.jpg
mana_echoes.jpg	http://mtgpics.chutography.com/ON/Mana%20Echoes.full.jpg
mana_flair.jpg	http://mtgpics.chutography.com/UNH/Mana%20Flair.full.jpg
mana_flare.jpg	http://mtgpics.chutography.com/5E/Mana%20Flare.full.jpg
mana_geyser.jpg	http://mtgpics.chutography.com/FD/Mana%20Geyser.full.jpg
mana_leak.jpg	http://mtgpics.chutography.com/9E/Mana%20Leak.full.jpg
mana_leech.jpg	http://mtgpics.chutography.com/US/Mana%20Leech.full.jpg
mana_matrix.jpg	http://mtgpics.chutography.com/LG/Mana%20Matrix.full.jpg
mana_maze.jpg	http://mtgpics.chutography.com/IN/Mana%20Maze.full.jpg
mana_prism.jpg	http://mtgpics.chutography.com/MI/Mana%20Prism.full.jpg
mana_reflection.jpg	http://mtgpics.chutography.com/SHM/Mana%20Reflection.full.jpg
mana_screw.jpg	http://mtgpics.chutography.com/UNH/Mana%20Screw.full.jpg
mana_seism.jpg	http://mtgpics.chutography.com/CHK/Mana%20Seism.full.jpg
mana_severance.jpg	http://mtgpics.chutography.com/TE/Mana%20Severance.full.jpg
mana_short.jpg	http://mtgpics.chutography.com/7E/Mana%20Short.full.jpg
mana_skimmer.jpg	http://mtgpics.chutography.com/TSP/Mana%20Skimmer.full.jpg
mana_tithe.jpg	http://mtgpics.chutography.com/PLC/Mana%20Tithe.full.jpg
mana_vapors.jpg	http://mtgpics.chutography.com/PY/Mana%20Vapors.full.jpg
mana_vault.jpg	http://mtgpics.chutography.com/5E/Mana%20Vault.full.jpg
mana_vortex.jpg	http://mtgpics.chutography.com/DK/Mana%20Vortex.full.jpg
mana_web.jpg	http://mtgpics.chutography.com/WL/Mana%20Web.full.jpg
manabarbs.jpg	http://mtgpics.chutography.com/M10/Manabarbs.full.jpg
manabond.jpg	http://mtgpics.chutography.com/EX/Manabond.full.jpg
manacles_of_decay.jpg	http://mtgpics.chutography.com/AP/Manacles%20of%20Decay.full.jpg
manaforce_mace.jpg	http://mtgpics.chutography.com/CFX/Manaforce%20Mace.full.jpg
manaforge_cinder.jpg	http://mtgpics.chutography.com/SHM/Manaforge%20Cinder.full.jpg
manakin.jpg	http://mtgpics.chutography.com/TE/Manakin.full.jpg
manamorphose.jpg	http://mtgpics.chutography.com/SHM/Manamorphose.full.jpg
manaplasm.jpg	http://mtgpics.chutography.com/ALA/Manaplasm.full.jpg
mangara_of_corondor.jpg	http://mtgpics.chutography.com/TSP/Mangara%20of%20Corondor.full.jpg
mangaras_blessing.jpg	http://mtgpics.chutography.com/MI/Mangara's%20Blessing.full.jpg
mangaras_equity.jpg	http://mtgpics.chutography.com/MI/Mangara's%20Equity.full.jpg
mangaras_tome.jpg	http://mtgpics.chutography.com/MI/Mangara's%20Tome.full.jpg
maniacal_rage.jpg	http://mtgpics.chutography.com/IN/Maniacal%20Rage.full.jpg
manipulate_fate.jpg	http://mtgpics.chutography.com/IN/Manipulate%20Fate.full.jpg
mannichi_the_fevered_dream.jpg	http://mtgpics.chutography.com/BOK/Mannichi,%20the%20Fevered%20Dream.full.jpg
manriki_gusari.jpg	http://mtgpics.chutography.com/SOK/Manriki-Gusari.full.jpg
manta_ray.jpg	http://mtgpics.chutography.com/WL/Manta%20Ray.full.jpg
manta_riders.jpg	http://mtgpics.chutography.com/TE/Manta%20Riders.full.jpg
mantis_engine.jpg	http://mtgpics.chutography.com/10E/Mantis%20Engine.full.jpg
mantle_of_leadership.jpg	http://mtgpics.chutography.com/PLC/Mantle%20of%20Leadership.full.jpg
maralen_of_the_mornsong.jpg	http://mtgpics.chutography.com/MOR/Maralen%20of%20the%20Mornsong.full.jpg
marauding_knight.jpg	http://mtgpics.chutography.com/IN/Marauding%20Knight.full.jpg
maraxus.jpg	http://mtgpics.chutography.com/VG/Maraxus.full.jpg
maraxus_of_keld.jpg	http://mtgpics.chutography.com/WL/Maraxus%20of%20Keld.full.jpg
marble_chalice.jpg	http://mtgpics.chutography.com/ALA/Marble%20Chalice.full.jpg
marble_diamond.jpg	http://mtgpics.chutography.com/7E/Marble%20Diamond.full.jpg
marble_priest.jpg	http://mtgpics.chutography.com/LG/Marble%20Priest.full.jpg
marble_titan.jpg	http://mtgpics.chutography.com/9E/Marble%20Titan.full.jpg
march_of_souls.jpg	http://mtgpics.chutography.com/PS/March%20of%20Souls.full.jpg
march_of_the_machines.jpg	http://mtgpics.chutography.com/10E/March%20of%20the%20Machines.full.jpg
marhault_elsdragon.jpg	http://mtgpics.chutography.com/LG/Marhault%20Elsdragon.full.jpg
marisis_twinclaws.jpg	http://mtgpics.chutography.com/ARB/Marisi's%20Twinclaws.full.jpg
marit_lage.jpg	http://mtgpics.chutography.com/REL/Marit%20Lage.full.jpg
marjhan.jpg	http://mtgpics.chutography.com/HL/Marjhan.full.jpg
mark_of_asylum.jpg	http://mtgpics.chutography.com/CFX/Mark%20of%20Asylum.full.jpg
mark_of_eviction.jpg	http://mtgpics.chutography.com/RAV/Mark%20of%20Eviction.full.jpg
mark_of_fury.jpg	http://mtgpics.chutography.com/UD/Mark%20of%20Fury.full.jpg
mark_of_mutiny.jpg	http://pics.slightlymagic.net/ZEN/Mark%20of%20Mutiny.full.jpg
mark_of_sakiko.jpg	http://mtgpics.chutography.com/BOK/Mark%20of%20Sakiko.full.jpg
mark_of_the_oni.jpg	http://mtgpics.chutography.com/BOK/Mark%20of%20the%20Oni.full.jpg
marker_beetles.jpg	http://mtgpics.chutography.com/UD/Marker%20Beetles.full.jpg
maro.jpg	http://mtgpics.chutography.com/9E/Maro.full.jpg
marrow_chomper.jpg	http://mtgpics.chutography.com/ARB/Marrow%20Chomper.full.jpg
marrow_gnawer.jpg	http://mtgpics.chutography.com/CHK/Marrow-Gnawer.full.jpg
marsh_boa.jpg	http://mtgpics.chutography.com/PY/Marsh%20Boa.full.jpg
marsh_casualties.jpg	http://pics.slightlymagic.net/ZEN/Marsh%20Casualties.full.jpg
marsh_crocodile.jpg	http://mtgpics.chutography.com/PS/Marsh%20Crocodile.full.jpg
marsh_flats.jpg	http://pics.slightlymagic.net/ZEN/Marsh%20Flats.full.jpg
marsh_flitter.jpg	http://mtgpics.chutography.com/LRW/Marsh%20Flitter.full.jpg
marsh_gas.jpg	http://mtgpics.chutography.com/DK/Marsh%20Gas.full.jpg
marsh_goblins.jpg	http://mtgpics.chutography.com/DK/Marsh%20Goblins.full.jpg
marsh_lurker.jpg	http://mtgpics.chutography.com/TE/Marsh%20Lurker.full.jpg
marsh_viper.jpg	http://mtgpics.chutography.com/5E/Marsh%20Viper.full.jpg
marshaling_cry.jpg	http://mtgpics.chutography.com/FUT/Marshaling%20Cry.full.jpg
marshaling_the_troops.jpg	http://mtgpics.chutography.com/P3/Marshaling%20the%20Troops.full.jpg
marshdrinker_giant.jpg	http://mtgpics.chutography.com/EVE/Marshdrinker%20Giant.full.jpg
martial_coup.jpg	http://mtgpics.chutography.com/CFX/Martial%20Coup.full.jpg
marton_stromgald.jpg	http://mtgpics.chutography.com/IA/Marton%20Stromgald.full.jpg
martyr_of_ashes.jpg	http://mtgpics.chutography.com/CS/Martyr%20of%20Ashes.full.jpg
martyr_of_bones.jpg	http://mtgpics.chutography.com/CS/Martyr%20of%20Bones.full.jpg
martyr_of_frost.jpg	http://mtgpics.chutography.com/CS/Martyr%20of%20Frost.full.jpg
martyr_of_sands.jpg	http://mtgpics.chutography.com/CS/Martyr%20of%20Sands.full.jpg
martyr_of_spores.jpg	http://mtgpics.chutography.com/CS/Martyr%20of%20Spores.full.jpg
martyrdom.jpg	http://mtgpics.chutography.com/AL/Martyrdom1.full.jpg
martyred_rusalka.jpg	http://mtgpics.chutography.com/GP/Martyred%20Rusalka.full.jpg
martyrs_cause.jpg	http://mtgpics.chutography.com/UL/Martyr's%20Cause.full.jpg
martyrs_cry.jpg	http://mtgpics.chutography.com/DK/Martyr's%20Cry.full.jpg
martyrs_of_korlis.jpg	http://mtgpics.chutography.com/AQ/Martyrs%20of%20Korlis.full.jpg
martyrs_tomb.jpg	http://mtgpics.chutography.com/AP/Martyrs'%20Tomb.full.jpg
masako_the_humorless.jpg	http://mtgpics.chutography.com/CHK/Masako%20the%20Humorless.full.jpg
mask_of_intolerance.jpg	http://mtgpics.chutography.com/AP/Mask%20of%20Intolerance.full.jpg
mask_of_law_and_grace.jpg	http://mtgpics.chutography.com/UD/Mask%20of%20Law%20and%20Grace.full.jpg
mask_of_memory.jpg	http://mtgpics.chutography.com/MR/Mask%20of%20Memory.full.jpg
mask_of_riddles.jpg	http://mtgpics.chutography.com/ARB/Mask%20of%20Riddles.full.jpg
mask_of_the_mimic.jpg	http://mtgpics.chutography.com/SH/Mask%20of%20the%20Mimic.full.jpg
masked_admirers.jpg	http://mtgpics.chutography.com/LRW/Masked%20Admirers.full.jpg
masked_gorgon.jpg	http://mtgpics.chutography.com/JU/Masked%20Gorgon.full.jpg
mass_calcify.jpg	http://mtgpics.chutography.com/SHM/Mass%20Calcify.full.jpg
mass_hysteria.jpg	http://mtgpics.chutography.com/MR/Mass%20Hysteria.full.jpg
mass_of_ghouls.jpg	http://mtgpics.chutography.com/10E/Mass%20of%20Ghouls.full.jpg
massacre.jpg	http://mtgpics.chutography.com/NE/Massacre.full.jpg
master_apothecary.jpg	http://mtgpics.chutography.com/OD/Master%20Apothecary.full.jpg
master_decoy.jpg	http://mtgpics.chutography.com/9E/Master%20Decoy.full.jpg
master_healer.jpg	http://mtgpics.chutography.com/9E/Master%20Healer.full.jpg
master_of_arms.jpg	http://mtgpics.chutography.com/WL/Master%20of%20Arms.full.jpg
master_of_etherium.jpg	http://mtgpics.chutography.com/HOP/Master%20of%20Etherium.full.jpg
master_of_the_hunt.jpg	http://mtgpics.chutography.com/LG/Master%20of%20the%20Hunt.full.jpg
master_of_the_veil.jpg	http://mtgpics.chutography.com/LE/Master%20of%20the%20Veil.full.jpg
master_of_the_wild_hunt.jpg	http://mtgpics.chutography.com/M10/Master%20of%20the%20Wild%20Hunt.full.jpg
master_transmuter.jpg	http://mtgpics.chutography.com/CFX/Master%20Transmuter.full.jpg
master_warcraft.jpg	http://mtgpics.chutography.com/RAV/Master%20Warcraft.full.jpg
masticore.jpg	http://mtgpics.chutography.com/UD/Masticore.full.jpg
masumaro_first_to_live.jpg	http://mtgpics.chutography.com/SOK/Masumaro,%20First%20to%20Live.full.jpg
matca_rioters.jpg	http://mtgpics.chutography.com/CFX/Matca%20Rioters.full.jpg
matopi_golem.jpg	http://mtgpics.chutography.com/VI/Matopi%20Golem.full.jpg
matsu_tribe_birdstalker.jpg	http://mtgpics.chutography.com/SOK/Matsu-Tribe%20Birdstalker.full.jpg
matsu_tribe_decoy.jpg	http://mtgpics.chutography.com/CHK/Matsu-Tribe%20Decoy.full.jpg
matsu_tribe_sniper.jpg	http://mtgpics.chutography.com/BOK/Matsu-Tribe%20Sniper.full.jpg
mausoleum_turnkey.jpg	http://mtgpics.chutography.com/RAV/Mausoleum%20Turnkey.full.jpg
mawcor.jpg	http://mtgpics.chutography.com/7E/Mawcor.full.jpg
mayael_the_anima.jpg	http://mtgpics.chutography.com/ALA/Mayael%20the%20Anima.full.jpg
mayaels_aria.jpg	http://mtgpics.chutography.com/ARB/Mayael's%20Aria.full.jpg
maze_of_ith.jpg	http://mtgpics.chutography.com/DK/Maze%20of%20Ith.full.jpg
maze_of_shadows.jpg	http://mtgpics.chutography.com/TE/Maze%20of%20Shadows.full.jpg
meadowboon.jpg	http://mtgpics.chutography.com/MOR/Meadowboon.full.jpg
measure_of_wickedness.jpg	http://mtgpics.chutography.com/SOK/Measure%20of%20Wickedness.full.jpg
meddle.jpg	http://mtgpics.chutography.com/MI/Meddle.full.jpg
meddling_kids.jpg	http://mtgpics.chutography.com/UNH/Meddling%20Kids.full.jpg
meddling_mage.jpg	http://mtgpics.chutography.com/PS/Meddling%20Mage.full.jpg
medicine_bag.jpg	http://mtgpics.chutography.com/EX/Medicine%20Bag.full.jpg
medicine_runner.jpg	http://mtgpics.chutography.com/SHM/Medicine%20Runner.full.jpg
meditate.jpg	http://mtgpics.chutography.com/TE/Meditate.full.jpg
meekstone.jpg	http://mtgpics.chutography.com/7E/Meekstone.full.jpg
megatherium.jpg	http://mtgpics.chutography.com/MM/Megatherium.full.jpg
megatog.jpg	http://mtgpics.chutography.com/MR/Megatog.full.jpg
meglonoth.jpg	http://mtgpics.chutography.com/CFX/Meglonoth.full.jpg
megrim.jpg	http://mtgpics.chutography.com/M10/Megrim.full.jpg
meishin_the_mind_cage.jpg	http://mtgpics.chutography.com/SOK/Meishin,%20the%20Mind%20Cage.full.jpg
melancholy.jpg	http://mtgpics.chutography.com/PLC/Melancholy.full.jpg
melee.jpg	http://mtgpics.chutography.com/IA/Melee.full.jpg
melesse_spirit.jpg	http://mtgpics.chutography.com/MI/Melesse%20Spirit.full.jpg
meloku_the_clouded_mirror.jpg	http://mtgpics.chutography.com/CHK/Meloku%20the%20Clouded%20Mirror.full.jpg
meltdown.jpg	http://mtgpics.chutography.com/US/Meltdown.full.jpg
melting.jpg	http://mtgpics.chutography.com/IA/Melting.full.jpg
memnarch.jpg	http://mtgpics.chutography.com/DS/Memnarch.full.jpg
memory_crystal.jpg	http://mtgpics.chutography.com/EX/Memory%20Crystal.full.jpg
memory_erosion.jpg	http://mtgpics.chutography.com/ALA/Memory%20Erosion.full.jpg
memory_jar.jpg	http://mtgpics.chutography.com/UL/Memory%20Jar.full.jpg
memory_lapse.jpg	http://mtgpics.chutography.com/7E/Memory%20Lapse.full.jpg
memory_plunder.jpg	http://mtgpics.chutography.com/SHM/Memory%20Plunder.full.jpg
memory_sluice.jpg	http://mtgpics.chutography.com/SHM/Memory%20Sluice.full.jpg
menacing_ogre.jpg	http://mtgpics.chutography.com/ON/Menacing%20Ogre.full.jpg
mending_hands.jpg	http://mtgpics.chutography.com/9E/Mending%20Hands.full.jpg
meng_huo_barbarian_king.jpg	http://mtgpics.chutography.com/P3/Meng%20Huo,%20Barbarian%20King.full.jpg
meng_huos_horde.jpg	http://mtgpics.chutography.com/P3/Meng%20Huo's%20Horde.full.jpg
mental_discipline.jpg	http://mtgpics.chutography.com/UD/Mental%20Discipline.full.jpg
mental_note.jpg	http://mtgpics.chutography.com/JU/Mental%20Note.full.jpg
mephidross_vampire.jpg	http://mtgpics.chutography.com/FD/Mephidross%20Vampire.full.jpg
mephitic_ooze.jpg	http://mtgpics.chutography.com/DS/Mephitic%20Ooze.full.jpg
mercadian_atlas.jpg	http://mtgpics.chutography.com/MM/Mercadian%20Atlas.full.jpg
mercadian_bazaar.jpg	http://mtgpics.chutography.com/MM/Mercadian%20Bazaar.full.jpg
mercadian_lift.jpg	http://mtgpics.chutography.com/MM/Mercadian%20Lift.full.jpg
mercadias_downfall.jpg	http://mtgpics.chutography.com/MM/Mercadia's%20Downfall.full.jpg
mercenaries.jpg	http://mtgpics.chutography.com/IA/Mercenaries.full.jpg
mercenary_informer.jpg	http://mtgpics.chutography.com/PY/Mercenary%20Informer.full.jpg
mercenary_knight.jpg	http://mtgpics.chutography.com/PT/Mercenary%20Knight.full.jpg
merchant_of_secrets.jpg	http://mtgpics.chutography.com/8E/Merchant%20of%20Secrets.full.jpg
merchant_scroll.jpg	http://mtgpics.chutography.com/8E/Merchant%20Scroll.full.jpg
merchant_ship.jpg	http://mtgpics.chutography.com/AN/Merchant%20Ship.full.jpg
mercurial_kite.jpg	http://mtgpics.chutography.com/SC/Mercurial%20Kite.full.jpg
mercy_killing.jpg	http://mtgpics.chutography.com/SHM/Mercy%20Killing.full.jpg
merfolk_assassin.jpg	http://mtgpics.chutography.com/DK/Merfolk%20Assassin.full.jpg
merfolk_looter.jpg	http://mtgpics.chutography.com/M10/Merfolk%20Looter.full.jpg
merfolk_of_the_pearl_trident.jpg	http://mtgpics.chutography.com/7E/Merfolk%20of%20the%20Pearl%20Trident.full.jpg
merfolk_raiders.jpg	http://mtgpics.chutography.com/MI/Merfolk%20Raiders.full.jpg
merfolk_seastalkers.jpg	http://pics.slightlymagic.net/ZEN/Merfolk%20Seastalkers.full.jpg
merfolk_seer.jpg	http://mtgpics.chutography.com/MI/Merfolk%20Seer.full.jpg
merfolk_sovereign.jpg	http://mtgpics.chutography.com/M10/Merfolk%20Sovereign.full.jpg
merfolk_thaumaturgist.jpg	http://mtgpics.chutography.com/PLC/Merfolk%20Thaumaturgist.full.jpg
merfolk_traders.jpg	http://mtgpics.chutography.com/WL/Merfolk%20Traders.full.jpg
merfolk_wayfinder.jpg	http://pics.slightlymagic.net/ZEN/Merfolk%20Wayfinder.full.jpg
merieke_ri_berit.jpg	http://mtgpics.chutography.com/IA/Merieke%20Ri%20Berit.full.jpg
merrow_bonegnawer.jpg	http://mtgpics.chutography.com/EVE/Merrow%20Bonegnawer.full.jpg
merrow_commerce.jpg	http://mtgpics.chutography.com/LRW/Merrow%20Commerce.full.jpg
merrow_grimeblotter.jpg	http://mtgpics.chutography.com/SHM/Merrow%20Grimeblotter.full.jpg
merrow_harbinger.jpg	http://mtgpics.chutography.com/LRW/Merrow%20Harbinger.full.jpg
merrow_levitator.jpg	http://mtgpics.chutography.com/EVE/Merrow%20Levitator.full.jpg
merrow_reejerey.jpg	http://mtgpics.chutography.com/FNM/Merrow%20Reejerey.full.jpg
merrow_wavebreakers.jpg	http://mtgpics.chutography.com/SHM/Merrow%20Wavebreakers.full.jpg
merrow_witsniper.jpg	http://mtgpics.chutography.com/MOR/Merrow%20Witsniper.full.jpg
merseine.jpg	http://mtgpics.chutography.com/FE/Merseine1.full.jpg
mesa_chicken.jpg	http://mtgpics.chutography.com/UG/Mesa%20Chicken.full.jpg
mesa_enchantress.jpg	http://mtgpics.chutography.com/M10/Mesa%20Enchantress.full.jpg
mesa_falcon.jpg	http://mtgpics.chutography.com/6E/Mesa%20Falcon.full.jpg
mesa_pegasus.jpg	http://mtgpics.chutography.com/5E/Mesa%20Pegasus.full.jpg
mesmeric_fiend.jpg	http://mtgpics.chutography.com/TO/Mesmeric%20Fiend.full.jpg
mesmeric_orb.jpg	http://mtgpics.chutography.com/MR/Mesmeric%20Orb.full.jpg
mesmeric_sliver.jpg	http://mtgpics.chutography.com/FUT/Mesmeric%20Sliver.full.jpg
mesmeric_trance.jpg	http://mtgpics.chutography.com/IA/Mesmeric%20Trance.full.jpg
messenger_falcons.jpg	http://mtgpics.chutography.com/ARB/Messenger%20Falcons.full.jpg
metal_fatigue.jpg	http://mtgpics.chutography.com/DS/Metal%20Fatigue.full.jpg
metallic_sliver.jpg	http://mtgpics.chutography.com/TE/Metallic%20Sliver.full.jpg
metallurgeon.jpg	http://mtgpics.chutography.com/ALA/Metallurgeon.full.jpg
metalworker.jpg	http://mtgpics.chutography.com/UD/Metalworker.full.jpg
metamorphic_wurm.jpg	http://mtgpics.chutography.com/OD/Metamorphic%20Wurm.full.jpg
metamorphose.jpg	http://mtgpics.chutography.com/SC/Metamorphose.full.jpg
metamorphosis.jpg	http://mtgpics.chutography.com/CH/Metamorphosis.full.jpg
metathran_aerostat.jpg	http://mtgpics.chutography.com/IN/Metathran%20Aerostat.full.jpg
metathran_elite.jpg	http://mtgpics.chutography.com/UD/Metathran%20Elite.full.jpg
metathran_soldier.jpg	http://mtgpics.chutography.com/UD/Metathran%20Soldier.full.jpg
metathran_transport.jpg	http://mtgpics.chutography.com/IN/Metathran%20Transport.full.jpg
metathran_zombie.jpg	http://mtgpics.chutography.com/IN/Metathran%20Zombie.full.jpg
meteor_crater.jpg	http://mtgpics.chutography.com/PS/Meteor%20Crater.full.jpg
meteor_shower.jpg	http://mtgpics.chutography.com/IA/Meteor%20Shower.full.jpg
meteor_storm.jpg	http://mtgpics.chutography.com/IN/Meteor%20Storm.full.jpg
metrognome.jpg	http://mtgpics.chutography.com/US/Metrognome.full.jpg
michiko_konda_truth_seeker.jpg	http://mtgpics.chutography.com/SOK/Michiko%20Konda,%20Truth%20Seeker.full.jpg
midnight_banshee.jpg	http://mtgpics.chutography.com/SHM/Midnight%20Banshee.full.jpg
midnight_charm.jpg	http://mtgpics.chutography.com/PLC/Midnight%20Charm.full.jpg
midnight_covenant.jpg	http://mtgpics.chutography.com/CHK/Midnight%20Covenant.full.jpg
midnight_ritual.jpg	http://mtgpics.chutography.com/10E/Midnight%20Ritual.full.jpg
midsummer_revel.jpg	http://mtgpics.chutography.com/US/Midsummer%20Revel.full.jpg
might_of_alara.jpg	http://mtgpics.chutography.com/CFX/Might%20of%20Alara.full.jpg
might_of_oaks.jpg	http://mtgpics.chutography.com/M10/Might%20of%20Oaks.full.jpg
might_of_old_krosa.jpg	http://mtgpics.chutography.com/TSP/Might%20of%20Old%20Krosa.full.jpg
might_of_the_nephilim.jpg	http://mtgpics.chutography.com/DIS/Might%20of%20the%20Nephilim.full.jpg
might_sliver.jpg	http://mtgpics.chutography.com/TSP/Might%20Sliver.full.jpg
might_weaver.jpg	http://mtgpics.chutography.com/10E/Might%20Weaver.full.jpg
mightstone.jpg	http://mtgpics.chutography.com/AQ/Mightstone.full.jpg
mighty_emergence.jpg	http://mtgpics.chutography.com/ALA/Mighty%20Emergence.full.jpg
mijae_djinn.jpg	http://mtgpics.chutography.com/AN/Mijae%20Djinn.full.jpg
mikokoro_center_of_the_sea.jpg	http://mtgpics.chutography.com/SOK/Mikokoro,%20Center%20of%20the%20Sea.full.jpg
militant_monk.jpg	http://mtgpics.chutography.com/TO/Militant%20Monk.full.jpg
militias_pride.jpg	http://mtgpics.chutography.com/LRW/Militia's%20Pride.full.jpg
millikin.jpg	http://mtgpics.chutography.com/OD/Millikin.full.jpg
millstone.jpg	http://mtgpics.chutography.com/10E/Millstone.full.jpg
mimeofacture.jpg	http://mtgpics.chutography.com/GP/Mimeofacture.full.jpg
minamo_school_at_waters_edge.jpg	http://mtgpics.chutography.com/CHK/Minamo,%20School%20at%20Water's%20Edge.full.jpg
minamo_scrollkeeper.jpg	http://mtgpics.chutography.com/SOK/Minamo%20Scrollkeeper.full.jpg
minamo_sightbender.jpg	http://mtgpics.chutography.com/BOK/Minamo%20Sightbender.full.jpg
minamos_meddling.jpg	http://mtgpics.chutography.com/BOK/Minamo's%20Meddling.full.jpg
mind_bend.jpg	http://mtgpics.chutography.com/10E/Mind%20Bend.full.jpg
mind_bomb.jpg	http://mtgpics.chutography.com/5E/Mind%20Bomb.full.jpg
mind_burst.jpg	http://mtgpics.chutography.com/OD/Mind%20Burst.full.jpg
mind_control.jpg	http://mtgpics.chutography.com/M10/Mind%20Control.full.jpg
mind_extraction.jpg	http://mtgpics.chutography.com/AP/Mind%20Extraction.full.jpg
mind_funeral.jpg	http://mtgpics.chutography.com/ARB/Mind%20Funeral.full.jpg
mind_games.jpg	http://mtgpics.chutography.com/SH/Mind%20Games.full.jpg
mind_harness.jpg	http://mtgpics.chutography.com/MI/Mind%20Harness.full.jpg
mind_knives.jpg	http://mtgpics.chutography.com/PT/Mind%20Knives.full.jpg
mind_maggots.jpg	http://mtgpics.chutography.com/EX/Mind%20Maggots.full.jpg
mind_over_matter.jpg	http://mtgpics.chutography.com/EX/Mind%20Over%20Matter.full.jpg
mind_peel.jpg	http://mtgpics.chutography.com/SH/Mind%20Peel.full.jpg
mind_ravel.jpg	http://mtgpics.chutography.com/5E/Mind%20Ravel.full.jpg
mind_rot.jpg	http://mtgpics.chutography.com/M10/Mind%20Rot.full.jpg
mind_shatter.jpg	http://mtgpics.chutography.com/M10/Mind%20Shatter.full.jpg
mind_slash.jpg	http://mtgpics.chutography.com/8E/Mind%20Slash.full.jpg
mind_sludge.jpg	http://mtgpics.chutography.com/8E/Mind%20Sludge.full.jpg
mind_spring.jpg	http://mtgpics.chutography.com/M10/Mind%20Spring.full.jpg
mind_stone.jpg	http://mtgpics.chutography.com/10E/Mind%20Stone.full.jpg
mind_swords.jpg	http://mtgpics.chutography.com/NE/Mind%20Swords.full.jpg
mind_twist.jpg	http://mtgpics.chutography.com/4E/Mind%20Twist.full.jpg
mind_warp.jpg	http://mtgpics.chutography.com/6E/Mind%20Warp.full.jpg
mind_whip.jpg	http://mtgpics.chutography.com/IA/Mind%20Whip.full.jpg
mindbender_spores.jpg	http://mtgpics.chutography.com/MI/Mindbender%20Spores.full.jpg
mindblaze.jpg	http://mtgpics.chutography.com/CHK/Mindblaze.full.jpg
mindbreak_trap.jpg	http://pics.slightlymagic.net/ZEN/Mindbreak%20Trap.full.jpg
mindlash_sliver.jpg	http://mtgpics.chutography.com/TSP/Mindlash%20Sliver.full.jpg
mindleech_mass.jpg	http://mtgpics.chutography.com/RAV/Mindleech%20Mass.full.jpg
mindless_automaton.jpg	http://mtgpics.chutography.com/EX/Mindless%20Automaton.full.jpg
mindless_null.jpg	http://pics.slightlymagic.net/ZEN/Mindless%20Null.full.jpg
mindlock_orb.jpg	http://mtgpics.chutography.com/ALA/Mindlock%20Orb.full.jpg
mindmoil.jpg	http://mtgpics.chutography.com/RAV/Mindmoil.full.jpg
minds_desire.jpg	http://mtgpics.chutography.com/SC/Mind's%20Desire.full.jpg
minds_eye.jpg	http://mtgpics.chutography.com/MR/Mind's%20Eye.full.jpg
mindslaver.jpg	http://mtgpics.chutography.com/MR/Mindslaver.full.jpg
mindslicer.jpg	http://mtgpics.chutography.com/9E/Mindslicer.full.jpg
mindstab.jpg	http://mtgpics.chutography.com/TSP/Mindstab.full.jpg
mindstab_thrull.jpg	http://mtgpics.chutography.com/5E/Mindstab%20Thrull.full.jpg
mindstorm_crown.jpg	http://mtgpics.chutography.com/MR/Mindstorm%20Crown.full.jpg
mindwarper.jpg	http://mtgpics.chutography.com/SH/Mindwarper.full.jpg
mindwhip_sliver.jpg	http://mtgpics.chutography.com/TE/Mindwhip%20Sliver.full.jpg
mindwrack_liege.jpg	http://mtgpics.chutography.com/EVE/Mindwrack%20Liege.full.jpg
mine_bearer.jpg	http://mtgpics.chutography.com/PY/Mine%20Bearer.full.jpg
mine_excavation.jpg	http://mtgpics.chutography.com/SHM/Mine%20Excavation.full.jpg
mine_layer.jpg	http://mtgpics.chutography.com/OD/Mine%20Layer.full.jpg
mine_mine_mine!.jpg	http://mtgpics.chutography.com/UG/Mine,%20Mine,%20Mine!.full.jpg
minion_of_leshrac.jpg	http://mtgpics.chutography.com/IA/Minion%20of%20Leshrac.full.jpg
minion_of_tevesh_szat.jpg	http://mtgpics.chutography.com/IA/Minion%20of%20Tevesh%20Szat.full.jpg
minion_of_the_wastes.jpg	http://mtgpics.chutography.com/TE/Minion%20of%20the%20Wastes.full.jpg
minion_reflector.jpg	http://mtgpics.chutography.com/ALA/Minion%20Reflector.full.jpg
minions_murmurs.jpg	http://mtgpics.chutography.com/FUT/Minions'%20Murmurs.full.jpg
minister_of_impediments.jpg	http://mtgpics.chutography.com/DIS/Minister%20of%20Impediments.full.jpg
minotaur_explorer.jpg	http://mtgpics.chutography.com/OD/Minotaur%20Explorer.full.jpg
minotaur_illusionist.jpg	http://mtgpics.chutography.com/AP/Minotaur%20Illusionist.full.jpg
minotaur_tactician.jpg	http://mtgpics.chutography.com/AP/Minotaur%20Tactician.full.jpg
minotaur_warrior.jpg	http://mtgpics.chutography.com/PT/Minotaur%20Warrior.full.jpg
miracle_worker.jpg	http://mtgpics.chutography.com/DK/Miracle%20Worker.full.jpg
miraculous_recovery.jpg	http://mtgpics.chutography.com/VI/Miraculous%20Recovery.full.jpg
mirari.jpg	http://mtgpics.chutography.com/OD/Mirari.full.jpg
miraris_wake.jpg	http://mtgpics.chutography.com/JU/Mirari's%20Wake.full.jpg
mire_blight.jpg	http://pics.slightlymagic.net/ZEN/Mire%20Blight.full.jpg
mire_boa.jpg	http://mtgpics.chutography.com/PLC/Mire%20Boa.full.jpg
mire_kavu.jpg	http://mtgpics.chutography.com/PS/Mire%20Kavu.full.jpg
mire_shade.jpg	http://mtgpics.chutography.com/MI/Mire%20Shade.full.jpg
miren_the_moaning_well.jpg	http://mtgpics.chutography.com/SOK/Miren,%20the%20Moaning%20Well.full.jpg
mirozel.jpg	http://mtgpics.chutography.com/EX/Mirozel.full.jpg
mirri.jpg	http://mtgpics.chutography.com/VG/Mirri.full.jpg
mirri_cat_warrior.jpg	http://mtgpics.chutography.com/10E/Mirri,%20Cat%20Warrior.full.jpg
mirri_the_cursed.jpg	http://mtgpics.chutography.com/PLC/Mirri%20the%20Cursed.full.jpg
mirris_guile.jpg	http://mtgpics.chutography.com/TE/Mirri's%20Guile.full.jpg
mirrodins_core.jpg	http://mtgpics.chutography.com/DS/Mirrodin's%20Core.full.jpg
mirror_entity.jpg	http://mtgpics.chutography.com/LRW/Mirror%20Entity.full.jpg
mirror_gallery.jpg	http://mtgpics.chutography.com/BOK/Mirror%20Gallery.full.jpg
mirror_golem.jpg	http://mtgpics.chutography.com/MR/Mirror%20Golem.full.jpg
mirror_mirror.jpg	http://mtgpics.chutography.com/UG/Mirror%20Mirror.full.jpg
mirror_of_fate.jpg	http://mtgpics.chutography.com/M10/Mirror%20of%20Fate.full.jpg
mirror_sheen.jpg	http://mtgpics.chutography.com/EVE/Mirror%20Sheen.full.jpg
mirror_sigil_sergeant.jpg	http://mtgpics.chutography.com/CFX/Mirror-Sigil%20Sergeant.full.jpg
mirror_strike.jpg	http://mtgpics.chutography.com/PY/Mirror%20Strike.full.jpg
mirror_universe.jpg	http://mtgpics.chutography.com/LG/Mirror%20Universe.full.jpg
mirror_wall.jpg	http://mtgpics.chutography.com/JU/Mirror%20Wall.full.jpg
mirrorweave.jpg	http://mtgpics.chutography.com/SHM/Mirrorweave.full.jpg
mirrorwood_treefolk.jpg	http://mtgpics.chutography.com/PS/Mirrorwood%20Treefolk.full.jpg
miscalculation.jpg	http://mtgpics.chutography.com/UL/Miscalculation.full.jpg
mischievous_poltergeist.jpg	http://mtgpics.chutography.com/6E/Mischievous%20Poltergeist.full.jpg
mischievous_quanar.jpg	http://mtgpics.chutography.com/SC/Mischievous%20Quanar.full.jpg
misdirection.jpg	http://mtgpics.chutography.com/MM/Misdirection.full.jpg
mise.jpg	http://mtgpics.chutography.com/UNH/Mise.full.jpg
misers_cage.jpg	http://mtgpics.chutography.com/MI/Misers'%20Cage.full.jpg
misery_charm.jpg	http://mtgpics.chutography.com/ON/Misery%20Charm.full.jpg
misfortune.jpg	http://mtgpics.chutography.com/AL/Misfortune.full.jpg
misfortunes_gain.jpg	http://mtgpics.chutography.com/P3/Misfortune's%20Gain.full.jpg
misguided_rage.jpg	http://mtgpics.chutography.com/SC/Misguided%20Rage.full.jpg
mishra.jpg	http://mtgpics.chutography.com/VG/Mishra.full.jpg
mishra_artificer_prodigy.jpg	http://mtgpics.chutography.com/TSP/Mishra,%20Artificer%20Prodigy.full.jpg
mishras_bauble.jpg	http://mtgpics.chutography.com/CS/Mishra's%20Bauble.full.jpg
mishras_factory.jpg	http://mtgpics.chutography.com/4E/Mishra's%20Factory.full.jpg
mishras_groundbreaker.jpg	http://mtgpics.chutography.com/AL/Mishra's%20Groundbreaker.full.jpg
mishras_helix.jpg	http://mtgpics.chutography.com/US/Mishra's%20Helix.full.jpg
mishras_war_machine.jpg	http://mtgpics.chutography.com/4E/Mishra's%20War%20Machine.full.jpg
mishras_workshop.jpg	http://mtgpics.chutography.com/AQ/Mishra's%20Workshop.full.jpg
misinformation.jpg	http://mtgpics.chutography.com/AL/Misinformation.full.jpg
miss_demeanor.jpg	http://mtgpics.chutography.com/UG/Miss%20Demeanor.full.jpg
misshapen_fiend.jpg	http://mtgpics.chutography.com/MM/Misshapen%20Fiend.full.jpg
misstep.jpg	http://mtgpics.chutography.com/MM/Misstep.full.jpg
mist_dragon.jpg	http://mtgpics.chutography.com/MI/Mist%20Dragon.full.jpg
mist_leopard.jpg	http://mtgpics.chutography.com/M10/Mist%20Leopard.full.jpg
mist_of_stagnation.jpg	http://mtgpics.chutography.com/JU/Mist%20of%20Stagnation.full.jpg
mistbind_clique.jpg	http://mtgpics.chutography.com/LRW/Mistbind%20Clique.full.jpg
mistblade_shinobi.jpg	http://mtgpics.chutography.com/BOK/Mistblade%20Shinobi.full.jpg
mistfolk.jpg	http://mtgpics.chutography.com/IA/Mistfolk.full.jpg
mistform_dreamer.jpg	http://mtgpics.chutography.com/ON/Mistform%20Dreamer.full.jpg
mistform_mask.jpg	http://mtgpics.chutography.com/ON/Mistform%20Mask.full.jpg
mistform_mutant.jpg	http://mtgpics.chutography.com/ON/Mistform%20Mutant.full.jpg
mistform_seaswift.jpg	http://mtgpics.chutography.com/LE/Mistform%20Seaswift.full.jpg
mistform_shrieker.jpg	http://mtgpics.chutography.com/ON/Mistform%20Shrieker.full.jpg
mistform_skyreaver.jpg	http://mtgpics.chutography.com/ON/Mistform%20Skyreaver.full.jpg
mistform_sliver.jpg	http://mtgpics.chutography.com/LE/Mistform%20Sliver.full.jpg
mistform_stalker.jpg	http://mtgpics.chutography.com/ON/Mistform%20Stalker.full.jpg
mistform_ultimus.jpg	http://mtgpics.chutography.com/LE/Mistform%20Ultimus.full.jpg
mistform_wakecaster.jpg	http://mtgpics.chutography.com/LE/Mistform%20Wakecaster.full.jpg
mistform_wall.jpg	http://mtgpics.chutography.com/ON/Mistform%20Wall.full.jpg
mistform_warchief.jpg	http://mtgpics.chutography.com/SC/Mistform%20Warchief.full.jpg
mistmeadow_skulk.jpg	http://mtgpics.chutography.com/FUT/Mistmeadow%20Skulk.full.jpg
mistmeadow_witch.jpg	http://mtgpics.chutography.com/SHM/Mistmeadow%20Witch.full.jpg
mistmoon_griffin.jpg	http://mtgpics.chutography.com/WL/Mistmoon%20Griffin.full.jpg
mistral_charger.jpg	http://mtgpics.chutography.com/DIS/Mistral%20Charger.full.jpg
mistveil_plains.jpg	http://mtgpics.chutography.com/SHM/Mistveil%20Plains.full.jpg
mistvein_borderpost.jpg	http://mtgpics.chutography.com/ARB/Mistvein%20Borderpost.full.jpg
misty_rainforest.jpg	http://pics.slightlymagic.net/ZEN/Misty%20Rainforest.full.jpg
mizzium_transreliquat.jpg	http://mtgpics.chutography.com/GP/Mizzium%20Transreliquat.full.jpg
mnemonic_nexus.jpg	http://mtgpics.chutography.com/RAV/Mnemonic%20Nexus.full.jpg
mnemonic_sliver.jpg	http://mtgpics.chutography.com/TE/Mnemonic%20Sliver.full.jpg
moaning_spirit.jpg	http://mtgpics.chutography.com/P2/Moaning%20Spirit.full.jpg
moat.jpg	http://mtgpics.chutography.com/LG/Moat.full.jpg
mob_justice.jpg	http://mtgpics.chutography.com/SH/Mob%20Justice.full.jpg
mob_mentality.jpg	http://mtgpics.chutography.com/VI/Mob%20Mentality.full.jpg
mobile_fort.jpg	http://mtgpics.chutography.com/US/Mobile%20Fort.full.jpg
mobilization.jpg	http://mtgpics.chutography.com/10E/Mobilization.full.jpg
mobilize.jpg	http://mtgpics.chutography.com/PT/Mobilize.full.jpg
mogg_alarm.jpg	http://mtgpics.chutography.com/NE/Mogg%20Alarm.full.jpg
mogg_assassin.jpg	http://mtgpics.chutography.com/EX/Mogg%20Assassin.full.jpg
mogg_bombers.jpg	http://mtgpics.chutography.com/SH/Mogg%20Bombers.full.jpg
mogg_cannon.jpg	http://mtgpics.chutography.com/TE/Mogg%20Cannon.full.jpg
mogg_conscripts.jpg	http://mtgpics.chutography.com/TE/Mogg%20Conscripts.full.jpg
mogg_fanatic.jpg	http://mtgpics.chutography.com/10E/Mogg%20Fanatic.full.jpg
mogg_flunkies.jpg	http://mtgpics.chutography.com/AT/Mogg%20Flunkies.full.jpg
mogg_hollows.jpg	http://mtgpics.chutography.com/TE/Mogg%20Hollows.full.jpg
mogg_infestation.jpg	http://mtgpics.chutography.com/SH/Mogg%20Infestation.full.jpg
mogg_jailer.jpg	http://mtgpics.chutography.com/PS/Mogg%20Jailer.full.jpg
mogg_maniac.jpg	http://mtgpics.chutography.com/SH/Mogg%20Maniac.full.jpg
mogg_raider.jpg	http://mtgpics.chutography.com/AT/Mogg%20Raider.full.jpg
mogg_salvage.jpg	http://mtgpics.chutography.com/NE/Mogg%20Salvage.full.jpg
mogg_sentry.jpg	http://mtgpics.chutography.com/9E/Mogg%20Sentry.full.jpg
mogg_squad.jpg	http://mtgpics.chutography.com/TE/Mogg%20Squad.full.jpg
mogg_toady.jpg	http://mtgpics.chutography.com/NE/Mogg%20Toady.full.jpg
mogg_war_marshal.jpg	http://mtgpics.chutography.com/EVG/Mogg%20War%20Marshal.full.jpg
moggcatcher.jpg	http://mtgpics.chutography.com/NE/Moggcatcher.full.jpg
mold_adder.jpg	http://mtgpics.chutography.com/M10/Mold%20Adder.full.jpg
mold_demon.jpg	http://mtgpics.chutography.com/LG/Mold%20Demon.full.jpg
mold_shambler.jpg	http://pics.slightlymagic.net/ZEN/Mold%20Shambler.full.jpg
molder.jpg	http://mtgpics.chutography.com/TSP/Molder.full.jpg
molder_slug.jpg	http://mtgpics.chutography.com/MR/Molder%20Slug.full.jpg
moldervine_cloak.jpg	http://mtgpics.chutography.com/RAV/Moldervine%20Cloak.full.jpg
mole_worms.jpg	http://mtgpics.chutography.com/5E/Mole%20Worms.full.jpg
molimo_maro_sorcerer.jpg	http://mtgpics.chutography.com/10E/Molimo,%20Maro-Sorcerer.full.jpg
molten_disaster.jpg	http://mtgpics.chutography.com/FUT/Molten%20Disaster.full.jpg
molten_firebird.jpg	http://mtgpics.chutography.com/PLC/Molten%20Firebird.full.jpg
molten_frame.jpg	http://mtgpics.chutography.com/CFX/Molten%20Frame.full.jpg
molten_hydra.jpg	http://mtgpics.chutography.com/UL/Molten%20Hydra.full.jpg
molten_influence.jpg	http://mtgpics.chutography.com/OD/Molten%20Influence.full.jpg
molten_rain.jpg	http://mtgpics.chutography.com/MR/Molten%20Rain.full.jpg
molten_ravager.jpg	http://pics.slightlymagic.net/ZEN/Molten%20Ravager.full.jpg
molten_sentry.jpg	http://mtgpics.chutography.com/RAV/Molten%20Sentry.full.jpg
molten_slagheap.jpg	http://mtgpics.chutography.com/TSP/Molten%20Slagheap.full.jpg
molting_harpy.jpg	http://mtgpics.chutography.com/MM/Molting%20Harpy.full.jpg
molting_skin.jpg	http://mtgpics.chutography.com/SOK/Molting%20Skin.full.jpg
moment_of_silence.jpg	http://mtgpics.chutography.com/MM/Moment%20of%20Silence.full.jpg
momentary_blink.jpg	http://mtgpics.chutography.com/TSP/Momentary%20Blink.full.jpg
moments_peace.jpg	http://mtgpics.chutography.com/OD/Moment's%20Peace.full.jpg
momentum.jpg	http://mtgpics.chutography.com/UD/Momentum.full.jpg
momir_vig_simic_visionary.jpg	http://mtgpics.chutography.com/DIS/Momir%20Vig,%20Simic%20Visionary.full.jpg
mongrel_pack.jpg	http://mtgpics.chutography.com/TE/Mongrel%20Pack.full.jpg
moniker_mage.jpg	http://mtgpics.chutography.com/UNH/Moniker%20Mage.full.jpg
monk_idealist.jpg	http://mtgpics.chutography.com/US/Monk%20Idealist.full.jpg
monk_realist.jpg	http://mtgpics.chutography.com/US/Monk%20Realist.full.jpg
monkey_cage.jpg	http://mtgpics.chutography.com/MM/Monkey%20Cage.full.jpg
monkey_monkey_monkey.jpg	http://mtgpics.chutography.com/UNH/Monkey%20Monkey%20Monkey.full.jpg
monsoon.jpg	http://mtgpics.chutography.com/IA/Monsoon.full.jpg
monss_goblin_raiders.jpg	http://mtgpics.chutography.com/5E/Mons's%20Goblin%20Raiders.full.jpg
monss_goblin_waiters.jpg	http://mtgpics.chutography.com/UNH/Mons's%20Goblin%20Waiters.full.jpg
monstrify.jpg	http://mtgpics.chutography.com/EVE/Monstrify.full.jpg
monstrous_carabid.jpg	http://mtgpics.chutography.com/ARB/Monstrous%20Carabid.full.jpg
monstrous_growth.jpg	http://mtgpics.chutography.com/8E/Monstrous%20Growth.full.jpg
monstrous_hound.jpg	http://mtgpics.chutography.com/EX/Monstrous%20Hound.full.jpg
moon_sprite.jpg	http://mtgpics.chutography.com/PT/Moon%20Sprite.full.jpg
moonbow_illusionist.jpg	http://mtgpics.chutography.com/SOK/Moonbow%20Illusionist.full.jpg
moonglove_changeling.jpg	http://mtgpics.chutography.com/MOR/Moonglove%20Changeling.full.jpg
moonglove_extract.jpg	http://mtgpics.chutography.com/EVG/Moonglove%20Extract.full.jpg
moonglove_winnower.jpg	http://mtgpics.chutography.com/LRW/Moonglove%20Winnower.full.jpg
moonhold.jpg	http://mtgpics.chutography.com/EVE/Moonhold.full.jpg
moonlace.jpg	http://mtgpics.chutography.com/TSP/Moonlace.full.jpg
moonlight_bargain.jpg	http://mtgpics.chutography.com/RAV/Moonlight%20Bargain.full.jpg
moonlit_strider.jpg	http://mtgpics.chutography.com/BOK/Moonlit%20Strider.full.jpg
moonlit_wake.jpg	http://mtgpics.chutography.com/MM/Moonlit%20Wake.full.jpg
moonring_island.jpg	http://mtgpics.chutography.com/SHM/Moonring%20Island.full.jpg
moonring_mirror.jpg	http://mtgpics.chutography.com/CHK/Moonring%20Mirror.full.jpg
moonwing_moth.jpg	http://mtgpics.chutography.com/SOK/Moonwing%20Moth.full.jpg
moor_fiend.jpg	http://mtgpics.chutography.com/IA/Moor%20Fiend.full.jpg
moorish_cavalry.jpg	http://mtgpics.chutography.com/TSB/Moorish%20Cavalry.full.jpg
morale.jpg	http://mtgpics.chutography.com/4E/Morale.full.jpg
morality_shift.jpg	http://mtgpics.chutography.com/JU/Morality%20Shift.full.jpg
moratorium_stone.jpg	http://mtgpics.chutography.com/GP/Moratorium%20Stone.full.jpg
morbid_bloom.jpg	http://mtgpics.chutography.com/ARB/Morbid%20Bloom.full.jpg
morbid_hunger.jpg	http://mtgpics.chutography.com/OD/Morbid%20Hunger.full.jpg
morgue_theft.jpg	http://mtgpics.chutography.com/OD/Morgue%20Theft.full.jpg
morgue_thrull.jpg	http://mtgpics.chutography.com/SH/Morgue%20Thrull.full.jpg
morgue_toad.jpg	http://mtgpics.chutography.com/PS/Morgue%20Toad.full.jpg
morinfen.jpg	http://mtgpics.chutography.com/WL/Morinfen.full.jpg
moriok_rigger.jpg	http://mtgpics.chutography.com/FD/Moriok%20Rigger.full.jpg
moriok_scavenger.jpg	http://mtgpics.chutography.com/MR/Moriok%20Scavenger.full.jpg
morningtide.jpg	http://mtgpics.chutography.com/TO/Morningtide.full.jpg
moroii.jpg	http://mtgpics.chutography.com/RAV/Moroii.full.jpg
morphling.jpg	http://mtgpics.chutography.com/US/Morphling.full.jpg
morsel_theft.jpg	http://mtgpics.chutography.com/MOR/Morsel%20Theft.full.jpg
morselhoarder.jpg	http://mtgpics.chutography.com/SHM/Morselhoarder.full.jpg
mortal_combat.jpg	http://mtgpics.chutography.com/10E/Mortal%20Combat.full.jpg
mortal_wound.jpg	http://mtgpics.chutography.com/VI/Mortal%20Wound.full.jpg
mortify.jpg	http://mtgpics.chutography.com/GP/Mortify.full.jpg
mortipede.jpg	http://mtgpics.chutography.com/RAV/Mortipede.full.jpg
mortiphobia.jpg	http://mtgpics.chutography.com/TO/Mortiphobia.full.jpg
mortivore.jpg	http://mtgpics.chutography.com/10E/Mortivore.full.jpg
mortuary.jpg	http://mtgpics.chutography.com/SH/Mortuary.full.jpg
mosquito_guard.jpg	http://mtgpics.chutography.com/MOR/Mosquito%20Guard.full.jpg
moss_diamond.jpg	http://mtgpics.chutography.com/7E/Moss%20Diamond.full.jpg
moss_kami.jpg	http://mtgpics.chutography.com/CHK/Moss%20Kami.full.jpg
moss_monster.jpg	http://mtgpics.chutography.com/8E/Moss%20Monster.full.jpg
mossbridge_troll.jpg	http://mtgpics.chutography.com/SHM/Mossbridge%20Troll.full.jpg
mossdog.jpg	http://mtgpics.chutography.com/NE/Mossdog.full.jpg
mossfire_egg.jpg	http://mtgpics.chutography.com/OD/Mossfire%20Egg.full.jpg
mossfire_valley.jpg	http://mtgpics.chutography.com/OD/Mossfire%20Valley.full.jpg
mosstodon.jpg	http://mtgpics.chutography.com/ALA/Mosstodon.full.jpg
mosswort_bridge.jpg	http://mtgpics.chutography.com/LRW/Mosswort%20Bridge.full.jpg
mothdust_changeling.jpg	http://mtgpics.chutography.com/MOR/Mothdust%20Changeling.full.jpg
mother_of_goons.jpg	http://mtgpics.chutography.com/UNH/Mother%20of%20Goons.full.jpg
mother_of_runes.jpg	http://mtgpics.chutography.com/UL/Mother%20of%20Runes.full.jpg
mothrider_samurai.jpg	http://mtgpics.chutography.com/CHK/Mothrider%20Samurai.full.jpg
mountain_bandit.jpg	http://mtgpics.chutography.com/P3/Mountain%20Bandit.full.jpg
mountain_goat.jpg	http://mtgpics.chutography.com/6E/Mountain%20Goat.full.jpg
mountain_stronghold.jpg	http://mtgpics.chutography.com/LG/Mountain%20Stronghold.full.jpg
mountain_titan.jpg	http://mtgpics.chutography.com/IA/Mountain%20Titan.full.jpg
mountain_valley.jpg	http://mtgpics.chutography.com/MI/Mountain%20Valley.full.jpg
mountain_yeti.jpg	http://mtgpics.chutography.com/LG/Mountain%20Yeti.full.jpg
mounted_archers.jpg	http://mtgpics.chutography.com/TE/Mounted%20Archers.full.jpg
mourners_shield.jpg	http://mtgpics.chutography.com/MR/Mourner's%20Shield.full.jpg
mournful_zombie.jpg	http://mtgpics.chutography.com/AP/Mournful%20Zombie.full.jpg
mourning.jpg	http://mtgpics.chutography.com/IN/Mourning.full.jpg
mourning_thrull.jpg	http://mtgpics.chutography.com/GP/Mourning%20Thrull.full.jpg
mournwhelk.jpg	http://mtgpics.chutography.com/LRW/Mournwhelk.full.jpg
mouth_of_ronom.jpg	http://mtgpics.chutography.com/CS/Mouth%20of%20Ronom.full.jpg
mouth_to_mouth.jpg	http://mtgpics.chutography.com/UNH/Mouth%20to%20Mouth.full.jpg
mox_diamond.jpg	http://mtgpics.chutography.com/SH/Mox%20Diamond.full.jpg
mox_emerald.jpg	http://mtgpics.chutography.com/U/Mox%20Emerald.full.jpg
mox_jet.jpg	http://mtgpics.chutography.com/U/Mox%20Jet.full.jpg
mox_lotus.jpg	http://mtgpics.chutography.com/UNH/Mox%20Lotus.full.jpg
mox_pearl.jpg	http://mtgpics.chutography.com/U/Mox%20Pearl.full.jpg
mox_ruby.jpg	http://mtgpics.chutography.com/U/Mox%20Ruby.full.jpg
mox_sapphire.jpg	http://mtgpics.chutography.com/U/Mox%20Sapphire.full.jpg
mtenda_griffin.jpg	http://mtgpics.chutography.com/MI/Mtenda%20Griffin.full.jpg
mtenda_herder.jpg	http://mtgpics.chutography.com/MI/Mtenda%20Herder.full.jpg
mtenda_lion.jpg	http://mtgpics.chutography.com/MI/Mtenda%20Lion.full.jpg
muck_drubb.jpg	http://mtgpics.chutography.com/PLC/Muck%20Drubb.full.jpg
muck_rats.jpg	http://mtgpics.chutography.com/ST/Muck%20Rats.full.jpg
mudbrawler_cohort.jpg	http://mtgpics.chutography.com/SHM/Mudbrawler%20Cohort.full.jpg
mudbrawler_raiders.jpg	http://mtgpics.chutography.com/SHM/Mudbrawler%20Raiders.full.jpg
mudbutton_clanger.jpg	http://mtgpics.chutography.com/MOR/Mudbutton%20Clanger.full.jpg
mudbutton_torchrunner.jpg	http://mtgpics.chutography.com/LRW/Mudbutton%20Torchrunner.full.jpg
muddle_the_mixture.jpg	http://mtgpics.chutography.com/RAV/Muddle%20the%20Mixture.full.jpg
mudhole.jpg	http://mtgpics.chutography.com/OD/Mudhole.full.jpg
mudslide.jpg	http://mtgpics.chutography.com/IA/Mudslide.full.jpg
mulch.jpg	http://mtgpics.chutography.com/SH/Mulch.full.jpg
mulldrifter.jpg	http://mtgpics.chutography.com/LRW/Mulldrifter.full.jpg
multani.jpg	http://mtgpics.chutography.com/VG/Multani.full.jpg
multani_maro_sorcerer.jpg	http://mtgpics.chutography.com/UL/Multani,%20Maro-Sorcerer.full.jpg
multanis_acolyte.jpg	http://mtgpics.chutography.com/UL/Multani's%20Acolyte.full.jpg
multanis_decree.jpg	http://mtgpics.chutography.com/UD/Multani's%20Decree.full.jpg
multanis_harmony.jpg	http://mtgpics.chutography.com/PS/Multani's%20Harmony.full.jpg
multanis_presence.jpg	http://mtgpics.chutography.com/UL/Multani's%20Presence.full.jpg
mundungu.jpg	http://mtgpics.chutography.com/VI/Mundungu.full.jpg
mungha_wurm.jpg	http://mtgpics.chutography.com/PY/Mungha%20Wurm.full.jpg
muraganda_petroglyphs.jpg	http://mtgpics.chutography.com/FUT/Muraganda%20Petroglyphs.full.jpg
murasa_pyromancer.jpg	http://pics.slightlymagic.net/ZEN/Murasa%20Pyromancer.full.jpg
murderous_betrayal.jpg	http://mtgpics.chutography.com/8E/Murderous%20Betrayal.full.jpg
murderous_redcap.jpg	http://mtgpics.chutography.com/SHM/Murderous%20Redcap.full.jpg
murderous_spoils.jpg	http://mtgpics.chutography.com/DS/Murderous%20Spoils.full.jpg
murk_dwellers.jpg	http://mtgpics.chutography.com/5E/Murk%20Dwellers.full.jpg
murkfiend_liege.jpg	http://mtgpics.chutography.com/EVE/Murkfiend%20Liege.full.jpg
murmuring_bosk.jpg	http://mtgpics.chutography.com/MOR/Murmuring%20Bosk.full.jpg
murmurs_from_beyond.jpg	http://mtgpics.chutography.com/SOK/Murmurs%20from%20Beyond.full.jpg
muscle_burst.jpg	http://mtgpics.chutography.com/OD/Muscle%20Burst.full.jpg
muscle_sliver.jpg	http://mtgpics.chutography.com/TE/Muscle%20Sliver.full.jpg
muse_vessel.jpg	http://mtgpics.chutography.com/DIS/Muse%20Vessel.full.jpg
musician.jpg	http://mtgpics.chutography.com/IA/Musician.full.jpg
mutavault.jpg	http://mtgpics.chutography.com/MOR/Mutavault.full.jpg
mutilate.jpg	http://mtgpics.chutography.com/TO/Mutilate.full.jpg
muzzle.jpg	http://mtgpics.chutography.com/MM/Muzzle.full.jpg
mwonvuli_acid_moss.jpg	http://mtgpics.chutography.com/TSP/Mwonvuli%20Acid-Moss.full.jpg
mwonvuli_ooze.jpg	http://mtgpics.chutography.com/WL/Mwonvuli%20Ooze.full.jpg
my_first_tome.jpg	http://mtgpics.chutography.com/UNH/My%20First%20Tome.full.jpg
mycoid_shepherd.jpg	http://mtgpics.chutography.com/ARB/Mycoid%20Shepherd.full.jpg
mycologist.jpg	http://mtgpics.chutography.com/PLC/Mycologist.full.jpg
mycoloth.jpg	http://mtgpics.chutography.com/ALA/Mycoloth.full.jpg
mycosynth_golem.jpg	http://mtgpics.chutography.com/FD/Mycosynth%20Golem.full.jpg
mycosynth_lattice.jpg	http://mtgpics.chutography.com/DS/Mycosynth%20Lattice.full.jpg
myojin_of_cleansing_fire.jpg	http://mtgpics.chutography.com/CHK/Myojin%20of%20Cleansing%20Fire.full.jpg
myojin_of_infinite_rage.jpg	http://mtgpics.chutography.com/CHK/Myojin%20of%20Infinite%20Rage.full.jpg
myojin_of_lifes_web.jpg	http://mtgpics.chutography.com/CHK/Myojin%20of%20Life's%20Web.full.jpg
myojin_of_nights_reach.jpg	http://mtgpics.chutography.com/CHK/Myojin%20of%20Night's%20Reach.full.jpg
myojin_of_seeing_winds.jpg	http://mtgpics.chutography.com/CHK/Myojin%20of%20Seeing%20Winds.full.jpg
myr_adapter.jpg	http://mtgpics.chutography.com/MR/Myr%20Adapter.full.jpg
myr_enforcer.jpg	http://mtgpics.chutography.com/MR/Myr%20Enforcer.full.jpg
myr_incubator.jpg	http://mtgpics.chutography.com/MR/Myr%20Incubator.full.jpg
myr_landshaper.jpg	http://mtgpics.chutography.com/DS/Myr%20Landshaper.full.jpg
myr_matrix.jpg	http://mtgpics.chutography.com/DS/Myr%20Matrix.full.jpg
myr_mindservant.jpg	http://mtgpics.chutography.com/MR/Myr%20Mindservant.full.jpg
myr_moonvessel.jpg	http://mtgpics.chutography.com/DS/Myr%20Moonvessel.full.jpg
myr_prototype.jpg	http://mtgpics.chutography.com/MR/Myr%20Prototype.full.jpg
myr_quadropod.jpg	http://mtgpics.chutography.com/FD/Myr%20Quadropod.full.jpg
myr_retriever.jpg	http://mtgpics.chutography.com/MR/Myr%20Retriever.full.jpg
myr_servitor.jpg	http://mtgpics.chutography.com/FD/Myr%20Servitor.full.jpg
mystic_compass.jpg	http://mtgpics.chutography.com/6E/Mystic%20Compass.full.jpg
mystic_crusader.jpg	http://mtgpics.chutography.com/OD/Mystic%20Crusader.full.jpg
mystic_decree.jpg	http://mtgpics.chutography.com/HL/Mystic%20Decree.full.jpg
mystic_denial.jpg	http://mtgpics.chutography.com/PT/Mystic%20Denial.full.jpg
mystic_enforcer.jpg	http://mtgpics.chutography.com/OD/Mystic%20Enforcer.full.jpg
mystic_familiar.jpg	http://mtgpics.chutography.com/TO/Mystic%20Familiar.full.jpg
mystic_gate.jpg	http://mtgpics.chutography.com/SHM/Mystic%20Gate.full.jpg
mystic_melting.jpg	http://mtgpics.chutography.com/CS/Mystic%20Melting.full.jpg
mystic_might.jpg	http://mtgpics.chutography.com/IA/Mystic%20Might.full.jpg
mystic_penitent.jpg	http://mtgpics.chutography.com/OD/Mystic%20Penitent.full.jpg
mystic_remora.jpg	http://mtgpics.chutography.com/IA/Mystic%20Remora.full.jpg
mystic_restraints.jpg	http://mtgpics.chutography.com/CHK/Mystic%20Restraints.full.jpg
mystic_snake.jpg	http://mtgpics.chutography.com/AP/Mystic%20Snake.full.jpg
mystic_speculation.jpg	http://mtgpics.chutography.com/FUT/Mystic%20Speculation.full.jpg
mystic_veil.jpg	http://mtgpics.chutography.com/VI/Mystic%20Veil.full.jpg
mystic_visionary.jpg	http://mtgpics.chutography.com/OD/Mystic%20Visionary.full.jpg
mystic_zealot.jpg	http://mtgpics.chutography.com/OD/Mystic%20Zealot.full.jpg
mystical_teachings.jpg	http://mtgpics.chutography.com/TSP/Mystical%20Teachings.full.jpg
mystical_tutor.jpg	http://mtgpics.chutography.com/6E/Mystical%20Tutor.full.jpg
mythic_proportions.jpg	http://mtgpics.chutography.com/ON/Mythic%20Proportions.full.jpg