daggerclaw_imp.jpg	http://mtgpics.chutography.com/GP/Daggerclaw%20Imp.full.jpg
daily_regimen.jpg	http://mtgpics.chutography.com/MOR/Daily%20Regimen.full.jpg
dakkon_blackblade.jpg	http://mtgpics.chutography.com/LG/Dakkon%20Blackblade.full.jpg
dakmor_bat.jpg	http://mtgpics.chutography.com/P2/Dakmor%20Bat.full.jpg
dakmor_ghoul.jpg	http://mtgpics.chutography.com/ST/Dakmor%20Ghoul.full.jpg
dakmor_lancer.jpg	http://mtgpics.chutography.com/7E/Dakmor%20Lancer.full.jpg
dakmor_plague.jpg	http://mtgpics.chutography.com/ST/Dakmor%20Plague.full.jpg
dakmor_salvage.jpg	http://mtgpics.chutography.com/FUT/Dakmor%20Salvage.full.jpg
dakmor_scorpion.jpg	http://mtgpics.chutography.com/ST/Dakmor%20Scorpion.full.jpg
dakmor_sorceress.jpg	http://mtgpics.chutography.com/ST/Dakmor%20Sorceress.full.jpg
damnation.jpg	http://mtgpics.chutography.com/REW/Damnation.full.jpg
dampen_thought.jpg	http://mtgpics.chutography.com/CHK/Dampen%20Thought.full.jpg
damping_engine.jpg	http://mtgpics.chutography.com/UL/Damping%20Engine.full.jpg
damping_field.jpg	http://mtgpics.chutography.com/AQ/Damping%20Field.full.jpg
damping_matrix.jpg	http://mtgpics.chutography.com/MR/Damping%20Matrix.full.jpg
dance_of_many.jpg	http://mtgpics.chutography.com/CH/Dance%20of%20Many.full.jpg
dance_of_shadows.jpg	http://mtgpics.chutography.com/CHK/Dance%20of%20Shadows.full.jpg
dance_of_the_dead.jpg	http://mtgpics.chutography.com/IA/Dance%20of%20the%20Dead.full.jpg
dancing_scimitar.jpg	http://mtgpics.chutography.com/9E/Dancing%20Scimitar.full.jpg
dandan.jpg	http://mtgpics.chutography.com/5E/Dandan.full.jpg
daraja_griffin.jpg	http://mtgpics.chutography.com/6E/Daraja%20Griffin.full.jpg
darba.jpg	http://mtgpics.chutography.com/PY/Darba.full.jpg
darien_king_of_kjeldor.jpg	http://mtgpics.chutography.com/CS/Darien,%20King%20of%20Kjeldor.full.jpg
darigaaz_the_igniter.jpg	http://mtgpics.chutography.com/IN/Darigaaz,%20the%20Igniter.full.jpg
darigaazs_attendant.jpg	http://mtgpics.chutography.com/IN/Darigaaz's%20Attendant.full.jpg
darigaazs_caldera.jpg	http://mtgpics.chutography.com/PS/Darigaaz's%20Caldera.full.jpg
darigaazs_charm.jpg	http://mtgpics.chutography.com/PS/Darigaaz's%20Charm.full.jpg
daring_apprentice.jpg	http://mtgpics.chutography.com/9E/Daring%20Apprentice.full.jpg
daring_leap.jpg	http://mtgpics.chutography.com/PS/Daring%20Leap.full.jpg
dark_banishing.jpg	http://mtgpics.chutography.com/9E/Dark%20Banishing.full.jpg
dark_confidant.jpg	http://mtgpics.chutography.com/RAV/Dark%20Confidant.full.jpg
dark_depths.jpg	http://mtgpics.chutography.com/CS/Dark%20Depths.full.jpg
dark_hatchling.jpg	http://mtgpics.chutography.com/US/Dark%20Hatchling.full.jpg
dark_heart_of_the_wood.jpg	http://mtgpics.chutography.com/DK/Dark%20Heart%20of%20the%20Wood.full.jpg
dark_maze.jpg	http://mtgpics.chutography.com/5E/Dark%20Maze.full.jpg
dark_offering.jpg	http://mtgpics.chutography.com/ST/Dark%20Offering.full.jpg
dark_privilege.jpg	http://mtgpics.chutography.com/VI/Dark%20Privilege.full.jpg
dark_ritual.jpg	http://mtgpics.chutography.com/5E/Dark%20Ritual.full.jpg
dark_sphere.jpg	http://mtgpics.chutography.com/DK/Dark%20Sphere.full.jpg
dark_supplicant.jpg	http://mtgpics.chutography.com/LE/Dark%20Supplicant.full.jpg
dark_suspicions.jpg	http://mtgpics.chutography.com/PS/Dark%20Suspicions.full.jpg
dark_temper.jpg	http://mtgpics.chutography.com/CFX/Dark%20Temper.full.jpg
dark_triumph.jpg	http://mtgpics.chutography.com/NE/Dark%20Triumph.full.jpg
dark_withering.jpg	http://mtgpics.chutography.com/TSP/Dark%20Withering.full.jpg
darkblast.jpg	http://mtgpics.chutography.com/RAV/Darkblast.full.jpg
darkest_hour.jpg	http://mtgpics.chutography.com/7E/Darkest%20Hour.full.jpg
darkheart_sliver.jpg	http://mtgpics.chutography.com/PLC/Darkheart%20Sliver.full.jpg
darkling_stalker.jpg	http://mtgpics.chutography.com/TE/Darkling%20Stalker.full.jpg
darklit_gargoyle.jpg	http://mtgpics.chutography.com/CFX/Darklit%20Gargoyle.full.jpg
darkness.jpg	http://mtgpics.chutography.com/LG/Darkness.full.jpg
darkpact.jpg	http://mtgpics.chutography.com/U/Darkpact.full.jpg
darksteel_brute.jpg	http://mtgpics.chutography.com/DS/Darksteel%20Brute.full.jpg
darksteel_citadel.jpg	http://mtgpics.chutography.com/DS/Darksteel%20Citadel.full.jpg
darksteel_colossus.jpg	http://mtgpics.chutography.com/M10/Darksteel%20Colossus.full.jpg
darksteel_forge.jpg	http://mtgpics.chutography.com/DS/Darksteel%20Forge.full.jpg
darksteel_gargoyle.jpg	http://mtgpics.chutography.com/DS/Darksteel%20Gargoyle.full.jpg
darksteel_garrison.jpg	http://mtgpics.chutography.com/FUT/Darksteel%20Garrison.full.jpg
darksteel_ingot.jpg	http://mtgpics.chutography.com/DS/Darksteel%20Ingot.full.jpg
darksteel_pendant.jpg	http://mtgpics.chutography.com/DS/Darksteel%20Pendant.full.jpg
darksteel_reactor.jpg	http://mtgpics.chutography.com/DS/Darksteel%20Reactor.full.jpg
darkwatch_elves.jpg	http://mtgpics.chutography.com/UL/Darkwatch%20Elves.full.jpg
darkwater_catacombs.jpg	http://mtgpics.chutography.com/OD/Darkwater%20Catacombs.full.jpg
darkwater_egg.jpg	http://mtgpics.chutography.com/OD/Darkwater%20Egg.full.jpg
darting_merfolk.jpg	http://mtgpics.chutography.com/MM/Darting%20Merfolk.full.jpg
daru_cavalier.jpg	http://mtgpics.chutography.com/ON/Daru%20Cavalier.full.jpg
daru_encampment.jpg	http://mtgpics.chutography.com/ON/Daru%20Encampment.full.jpg
daru_healer.jpg	http://mtgpics.chutography.com/ON/Daru%20Healer.full.jpg
daru_lancer.jpg	http://mtgpics.chutography.com/ON/Daru%20Lancer.full.jpg
daru_mender.jpg	http://mtgpics.chutography.com/LE/Daru%20Mender.full.jpg
daru_sanctifier.jpg	http://mtgpics.chutography.com/LE/Daru%20Sanctifier.full.jpg
daru_spiritualist.jpg	http://mtgpics.chutography.com/SC/Daru%20Spiritualist.full.jpg
daru_stinger.jpg	http://mtgpics.chutography.com/LE/Daru%20Stinger.full.jpg
daru_warchief.jpg	http://mtgpics.chutography.com/SC/Daru%20Warchief.full.jpg
dash_hopes.jpg	http://mtgpics.chutography.com/PLC/Dash%20Hopes.full.jpg
daughter_of_autumn.jpg	http://mtgpics.chutography.com/HL/Daughter%20of%20Autumn.full.jpg
daunting_defender.jpg	http://mtgpics.chutography.com/ON/Daunting%20Defender.full.jpg
dauntless_dourbark.jpg	http://mtgpics.chutography.com/LRW/Dauntless%20Dourbark.full.jpg
dauntless_escort.jpg	http://mtgpics.chutography.com/ARB/Dauntless%20Escort.full.jpg
dauthi_cutthroat.jpg	http://mtgpics.chutography.com/EX/Dauthi%20Cutthroat.full.jpg
dauthi_embrace.jpg	http://mtgpics.chutography.com/TE/Dauthi%20Embrace.full.jpg
dauthi_ghoul.jpg	http://mtgpics.chutography.com/TE/Dauthi%20Ghoul.full.jpg
dauthi_horror.jpg	http://mtgpics.chutography.com/TE/Dauthi%20Horror.full.jpg
dauthi_jackal.jpg	http://mtgpics.chutography.com/EX/Dauthi%20Jackal.full.jpg
dauthi_marauder.jpg	http://mtgpics.chutography.com/TE/Dauthi%20Marauder.full.jpg
dauthi_mercenary.jpg	http://mtgpics.chutography.com/TE/Dauthi%20Mercenary.full.jpg
dauthi_mindripper.jpg	http://mtgpics.chutography.com/TE/Dauthi%20Mindripper.full.jpg
dauthi_slayer.jpg	http://mtgpics.chutography.com/TE/Dauthi%20Slayer.full.jpg
dauthi_trapper.jpg	http://mtgpics.chutography.com/SH/Dauthi%20Trapper.full.jpg
dauthi_warlord.jpg	http://mtgpics.chutography.com/EX/Dauthi%20Warlord.full.jpg
davenant_archer.jpg	http://mtgpics.chutography.com/LG/D'Avenant%20Archer.full.jpg
davenant_healer.jpg	http://mtgpics.chutography.com/TSP/D'Avenant%20Healer.full.jpg
dawn_charm.jpg	http://mtgpics.chutography.com/PLC/Dawn%20Charm.full.jpg
dawn_elemental.jpg	http://mtgpics.chutography.com/SC/Dawn%20Elemental.full.jpg
dawn_of_the_dead.jpg	http://mtgpics.chutography.com/TO/Dawn%20of%20the%20Dead.full.jpg
dawnfluke.jpg	http://mtgpics.chutography.com/LRW/Dawnfluke.full.jpg
dawnglow_infusion.jpg	http://mtgpics.chutography.com/SHM/Dawnglow%20Infusion.full.jpg
dawning_purist.jpg	http://mtgpics.chutography.com/ON/Dawning%20Purist.full.jpg
dawnray_archer.jpg	http://mtgpics.chutography.com/ALA/Dawnray%20Archer.full.jpg
dawns_reflection.jpg	http://mtgpics.chutography.com/FD/Dawn's%20Reflection.full.jpg
dawnstrider.jpg	http://mtgpics.chutography.com/MM/Dawnstrider.full.jpg
day_of_destiny.jpg	http://mtgpics.chutography.com/BOK/Day%20of%20Destiny.full.jpg
day_of_judgment.jpg	http://pics.slightlymagic.net/ZEN/Day%20of%20Judgment.full.jpg
day_of_the_dragons.jpg	http://mtgpics.chutography.com/SC/Day%20of%20the%20Dragons.full.jpg
daybreak_coronet.jpg	http://mtgpics.chutography.com/FUT/Daybreak%20Coronet.full.jpg
daze.jpg	http://mtgpics.chutography.com/NE/Daze.full.jpg
dazzling_beauty.jpg	http://mtgpics.chutography.com/MI/Dazzling%20Beauty.full.jpg
dead_iron_sledge.jpg	http://mtgpics.chutography.com/MR/Dead-Iron%20Sledge.full.jpg
dead_ringers.jpg	http://mtgpics.chutography.com/AP/Dead%20Ringers.full.jpg
deadapult.jpg	http://mtgpics.chutography.com/PS/Deadapult.full.jpg
deadfall.jpg	http://mtgpics.chutography.com/LG/Deadfall.full.jpg
deadgone.jpg	http://mtgpics.chutography.com/PLC/Deadgone.full.jpg
deadhead.jpg	http://mtgpics.chutography.com/UG/Deadhead.full.jpg
deadly_grub.jpg	http://mtgpics.chutography.com/PLC/Deadly%20Grub.full.jpg
deadly_insect.jpg	http://mtgpics.chutography.com/MM/Deadly%20Insect.full.jpg
deadly_recluse.jpg	http://mtgpics.chutography.com/M10/Deadly%20Recluse.full.jpg
deadshot.jpg	http://mtgpics.chutography.com/TE/Deadshot.full.jpg
deadshot_minotaur.jpg	http://mtgpics.chutography.com/ARB/Deadshot%20Minotaur.full.jpg
deadwood_treefolk.jpg	http://mtgpics.chutography.com/PLC/Deadwood%20Treefolk.full.jpg
deal_damage.jpg	http://mtgpics.chutography.com/UNH/Deal%20Damage.full.jpg
death_baron.jpg	http://mtgpics.chutography.com/ALA/Death%20Baron.full.jpg
death_bomb.jpg	http://mtgpics.chutography.com/PS/Death%20Bomb.full.jpg
death_charmer.jpg	http://mtgpics.chutography.com/PY/Death%20Charmer.full.jpg
death_cloud.jpg	http://mtgpics.chutography.com/DS/Death%20Cloud.full.jpg
death_denied.jpg	http://mtgpics.chutography.com/SOK/Death%20Denied.full.jpg
death_grasp.jpg	http://mtgpics.chutography.com/AP/Death%20Grasp.full.jpg
death_mask_duplicant.jpg	http://mtgpics.chutography.com/DS/Death-Mask%20Duplicant.full.jpg
death_match.jpg	http://mtgpics.chutography.com/ON/Death%20Match.full.jpg
death_mutation.jpg	http://mtgpics.chutography.com/AP/Death%20Mutation.full.jpg
death_of_a_thousand_stings.jpg	http://mtgpics.chutography.com/SOK/Death%20of%20a%20Thousand%20Stings.full.jpg
death_or_glory.jpg	http://mtgpics.chutography.com/IN/Death%20or%20Glory.full.jpg
death_pit_offering.jpg	http://mtgpics.chutography.com/8E/Death%20Pit%20Offering.full.jpg
death_pits_of_rath.jpg	http://mtgpics.chutography.com/9E/Death%20Pits%20of%20Rath.full.jpg
death_pulse.jpg	http://mtgpics.chutography.com/ON/Death%20Pulse.full.jpg
death_rattle.jpg	http://mtgpics.chutography.com/FUT/Death%20Rattle.full.jpg
death_spark.jpg	http://mtgpics.chutography.com/AL/Death%20Spark.full.jpg
death_speakers.jpg	http://mtgpics.chutography.com/HL/Death%20Speakers.full.jpg
death_stroke.jpg	http://mtgpics.chutography.com/SH/Death%20Stroke.full.jpg
death_ward.jpg	http://mtgpics.chutography.com/5E/Death%20Ward.full.jpg
death_watch.jpg	http://mtgpics.chutography.com/VI/Death%20Watch.full.jpg
death_wish.jpg	http://mtgpics.chutography.com/JU/Death%20Wish.full.jpg
deathbringer_liege.jpg	http://mtgpics.chutography.com/EVE/Deathbringer%20Liege.full.jpg
deathbringer_thoctar.jpg	http://mtgpics.chutography.com/ARB/Deathbringer%20Thoctar.full.jpg
deathcoil_wurm.jpg	http://mtgpics.chutography.com/P2/Deathcoil%20Wurm.full.jpg
deathcurse_ogre.jpg	http://mtgpics.chutography.com/CHK/Deathcurse%20Ogre.full.jpg
deathgazer.jpg	http://mtgpics.chutography.com/9E/Deathgazer.full.jpg
deathgreeter.jpg	http://mtgpics.chutography.com/ALA/Deathgreeter.full.jpg
deathgrip.jpg	http://mtgpics.chutography.com/5E/Deathgrip.full.jpg
deathknell_kami.jpg	http://mtgpics.chutography.com/SOK/Deathknell%20Kami.full.jpg
deathlace.jpg	http://mtgpics.chutography.com/4E/Deathlace.full.jpg
deathmark.jpg	http://mtgpics.chutography.com/M10/Deathmark.full.jpg
deathmark_prelate.jpg	http://mtgpics.chutography.com/LE/Deathmark%20Prelate.full.jpg
deathmask_nezumi.jpg	http://mtgpics.chutography.com/SOK/Deathmask%20Nezumi.full.jpg
deathrender.jpg	http://mtgpics.chutography.com/LRW/Deathrender.full.jpg
deaths_duet.jpg	http://mtgpics.chutography.com/EX/Death's%20Duet.full.jpg
deaths_head_buzzard.jpg	http://mtgpics.chutography.com/SC/Death's-Head%20Buzzard.full.jpg
deathspore_thallid.jpg	http://mtgpics.chutography.com/TSP/Deathspore%20Thallid.full.jpg
debt_of_loyalty.jpg	http://mtgpics.chutography.com/WL/Debt%20of%20Loyalty.full.jpg
debtors_knell.jpg	http://mtgpics.chutography.com/GP/Debtors'%20Knell.full.jpg
decaying_soil.jpg	http://mtgpics.chutography.com/OD/Decaying%20Soil.full.jpg
deception.jpg	http://mtgpics.chutography.com/P3/Deception.full.jpg
decimate.jpg	http://mtgpics.chutography.com/OD/Decimate.full.jpg
declaration_of_naught.jpg	http://mtgpics.chutography.com/MOR/Declaration%20of%20Naught.full.jpg
decompose.jpg	http://mtgpics.chutography.com/OD/Decompose.full.jpg
decomposition.jpg	http://mtgpics.chutography.com/MI/Decomposition.full.jpg
deconstruct.jpg	http://mtgpics.chutography.com/MR/Deconstruct.full.jpg
decree_of_annihilation.jpg	http://mtgpics.chutography.com/SC/Decree%20of%20Annihilation.full.jpg
decree_of_justice.jpg	http://mtgpics.chutography.com/SC/Decree%20of%20Justice.full.jpg
decree_of_pain.jpg	http://mtgpics.chutography.com/SC/Decree%20of%20Pain.full.jpg
decree_of_savagery.jpg	http://mtgpics.chutography.com/SC/Decree%20of%20Savagery.full.jpg
decree_of_silence.jpg	http://mtgpics.chutography.com/SC/Decree%20of%20Silence.full.jpg
dedicated_martyr.jpg	http://mtgpics.chutography.com/OD/Dedicated%20Martyr.full.jpg
deep_analysis.jpg	http://mtgpics.chutography.com/TO/Deep%20Analysis.full.jpg
deep_reconnaissance.jpg	http://mtgpics.chutography.com/OD/Deep%20Reconnaissance.full.jpg
deep_sea_kraken.jpg	http://mtgpics.chutography.com/TSP/Deep-Sea%20Kraken.full.jpg
deep_sea_serpent.jpg	http://mtgpics.chutography.com/PT/Deep-Sea%20Serpent.full.jpg
deep_slumber_titan.jpg	http://mtgpics.chutography.com/SHM/Deep-Slumber%20Titan.full.jpg
deep_spawn.jpg	http://mtgpics.chutography.com/FE/Deep%20Spawn.full.jpg
deep_water.jpg	http://mtgpics.chutography.com/DK/Deep%20Water.full.jpg
deep_wood.jpg	http://mtgpics.chutography.com/PT/Deep%20Wood.full.jpg
deepcavern_imp.jpg	http://mtgpics.chutography.com/FUT/Deepcavern%20Imp.full.jpg
deepchannel_mentor.jpg	http://mtgpics.chutography.com/SHM/Deepchannel%20Mentor.full.jpg
deepfire_elemental.jpg	http://mtgpics.chutography.com/CS/Deepfire%20Elemental.full.jpg
deeptread_merrow.jpg	http://mtgpics.chutography.com/LRW/Deeptread%20Merrow.full.jpg
deepwood_drummer.jpg	http://mtgpics.chutography.com/MM/Deepwood%20Drummer.full.jpg
deepwood_elder.jpg	http://mtgpics.chutography.com/MM/Deepwood%20Elder.full.jpg
deepwood_ghoul.jpg	http://mtgpics.chutography.com/8E/Deepwood%20Ghoul.full.jpg
deepwood_legate.jpg	http://mtgpics.chutography.com/MM/Deepwood%20Legate.full.jpg
deepwood_tantiv.jpg	http://mtgpics.chutography.com/MM/Deepwood%20Tantiv.full.jpg
deepwood_wolverine.jpg	http://mtgpics.chutography.com/MM/Deepwood%20Wolverine.full.jpg
defender_en_vec.jpg	http://mtgpics.chutography.com/NE/Defender%20en-Vec.full.jpg
defender_of_chaos.jpg	http://mtgpics.chutography.com/UL/Defender%20of%20Chaos.full.jpg
defender_of_law.jpg	http://mtgpics.chutography.com/UL/Defender%20of%20Law.full.jpg
defender_of_the_order.jpg	http://mtgpics.chutography.com/LE/Defender%20of%20the%20Order.full.jpg
defense_grid.jpg	http://mtgpics.chutography.com/9E/Defense%20Grid.full.jpg
defense_of_the_heart.jpg	http://mtgpics.chutography.com/UL/Defense%20of%20the%20Heart.full.jpg
defensive_formation.jpg	http://mtgpics.chutography.com/US/Defensive%20Formation.full.jpg
defensive_maneuvers.jpg	http://mtgpics.chutography.com/ON/Defensive%20Maneuvers.full.jpg
defiant_elf.jpg	http://mtgpics.chutography.com/LE/Defiant%20Elf.full.jpg
defiant_falcon.jpg	http://mtgpics.chutography.com/NE/Defiant%20Falcon.full.jpg
defiant_stand.jpg	http://mtgpics.chutography.com/PT/Defiant%20Stand.full.jpg
defiant_vanguard.jpg	http://mtgpics.chutography.com/NE/Defiant%20Vanguard.full.jpg
defiler_of_souls.jpg	http://mtgpics.chutography.com/ARB/Defiler%20of%20Souls.full.jpg
defiling_tears.jpg	http://mtgpics.chutography.com/IN/Defiling%20Tears.full.jpg
deflection.jpg	http://mtgpics.chutography.com/8E/Deflection.full.jpg
deft_duelist.jpg	http://mtgpics.chutography.com/ALA/Deft%20Duelist.full.jpg
deftblade_elite.jpg	http://mtgpics.chutography.com/LE/Deftblade%20Elite.full.jpg
defy_gravity.jpg	http://mtgpics.chutography.com/JU/Defy%20Gravity.full.jpg
dega_disciple.jpg	http://mtgpics.chutography.com/AP/Dega%20Disciple.full.jpg
dega_sanctuary.jpg	http://mtgpics.chutography.com/AP/Dega%20Sanctuary.full.jpg
degavolver.jpg	http://mtgpics.chutography.com/AP/Degavolver.full.jpg
deglamer.jpg	http://mtgpics.chutography.com/MOR/Deglamer.full.jpg
dehydration.jpg	http://mtgpics.chutography.com/10E/Dehydration.full.jpg
deity_of_scars.jpg	http://mtgpics.chutography.com/EVE/Deity%20of%20Scars.full.jpg
deja_vu.jpg	http://mtgpics.chutography.com/PT/Deja%20Vu.full.jpg
delay.jpg	http://mtgpics.chutography.com/FUT/Delay.full.jpg
delaying_shield.jpg	http://mtgpics.chutography.com/OD/Delaying%20Shield.full.jpg
delifs_cone.jpg	http://mtgpics.chutography.com/FE/Delif's%20Cone.full.jpg
delifs_cube.jpg	http://mtgpics.chutography.com/FE/Delif's%20Cube.full.jpg
delirium.jpg	http://mtgpics.chutography.com/MI/Delirium.full.jpg
delirium_skeins.jpg	http://mtgpics.chutography.com/DIS/Delirium%20Skeins.full.jpg
delraich.jpg	http://mtgpics.chutography.com/MM/Delraich.full.jpg
deluge.jpg	http://mtgpics.chutography.com/10E/Deluge.full.jpg
delusions_of_mediocrity.jpg	http://mtgpics.chutography.com/7E/Delusions%20of%20Mediocrity.full.jpg
dematerialize.jpg	http://mtgpics.chutography.com/OD/Dematerialize.full.jpg
dementia_sliver.jpg	http://mtgpics.chutography.com/TSP/Dementia%20Sliver.full.jpg
demigod_of_revenge.jpg	http://mtgpics.chutography.com/SHM/Demigod%20of%20Revenge.full.jpg
demolish.jpg	http://mtgpics.chutography.com/10E/Demolish.full.jpg
demonfire.jpg	http://mtgpics.chutography.com/DIS/Demonfire.full.jpg
demonic_attorney.jpg	http://mtgpics.chutography.com/U/Demonic%20Attorney.full.jpg
demonic_collusion.jpg	http://mtgpics.chutography.com/TSP/Demonic%20Collusion.full.jpg
demonic_consultation.jpg	http://mtgpics.chutography.com/IA/Demonic%20Consultation.full.jpg
demonic_dread.jpg	http://mtgpics.chutography.com/ARB/Demonic%20Dread.full.jpg
demonic_hordes.jpg	http://mtgpics.chutography.com/U/Demonic%20Hordes.full.jpg
demonic_torment.jpg	http://mtgpics.chutography.com/LG/Demonic%20Torment.full.jpg
demonic_tutor.jpg	http://mtgpics.chutography.com/U/Demonic%20Tutor.full.jpg
demons_herald.jpg	http://mtgpics.chutography.com/ALA/Demon's%20Herald.full.jpg
demons_horn.jpg	http://mtgpics.chutography.com/M10/Demon's%20Horn.full.jpg
demons_jester.jpg	http://mtgpics.chutography.com/DIS/Demon's%20Jester.full.jpg
demonspine_whip.jpg	http://mtgpics.chutography.com/ARB/Demonspine%20Whip.full.jpg
demoralize.jpg	http://mtgpics.chutography.com/OD/Demoralize.full.jpg
demystify.jpg	http://mtgpics.chutography.com/10E/Demystify.full.jpg
denied!.jpg	http://mtgpics.chutography.com/UG/Denied!.full.jpg
denizen_of_the_deep.jpg	http://mtgpics.chutography.com/10E/Denizen%20of%20the%20Deep.full.jpg
dense_canopy.jpg	http://mtgpics.chutography.com/SOK/Dense%20Canopy.full.jpg
dense_foliage.jpg	http://mtgpics.chutography.com/6E/Dense%20Foliage.full.jpg
deny_reality.jpg	http://mtgpics.chutography.com/ARB/Deny%20Reality.full.jpg
denying_wind.jpg	http://mtgpics.chutography.com/PY/Denying%20Wind.full.jpg
deranged_hermit.jpg	http://mtgpics.chutography.com/UL/Deranged%20Hermit.full.jpg
derelor.jpg	http://mtgpics.chutography.com/6E/Derelor.full.jpg
dermoplasm.jpg	http://mtgpics.chutography.com/LE/Dermoplasm.full.jpg
descendant_of_kiyomaro.jpg	http://mtgpics.chutography.com/SOK/Descendant%20of%20Kiyomaro.full.jpg
descendant_of_masumaro.jpg	http://mtgpics.chutography.com/SOK/Descendant%20of%20Masumaro.full.jpg
descendant_of_soramaro.jpg	http://mtgpics.chutography.com/SOK/Descendant%20of%20Soramaro.full.jpg
desecrated_earth.jpg	http://pics.slightlymagic.net/ZEN/Desecrated%20Earth.full.jpg
desecration_elemental.jpg	http://mtgpics.chutography.com/FD/Desecration%20Elemental.full.jpg
desecrator_hag.jpg	http://mtgpics.chutography.com/EVE/Desecrator%20Hag.full.jpg
desert.jpg	http://mtgpics.chutography.com/AN/Desert.full.jpg
desert_drake.jpg	http://mtgpics.chutography.com/PT/Desert%20Drake.full.jpg
desert_nomads.jpg	http://mtgpics.chutography.com/AN/Desert%20Nomads.full.jpg
desert_sandstorm.jpg	http://mtgpics.chutography.com/P3/Desert%20Sandstorm.full.jpg
desert_twister.jpg	http://mtgpics.chutography.com/5E/Desert%20Twister.full.jpg
deserted_temple.jpg	http://mtgpics.chutography.com/OD/Deserted%20Temple.full.jpg
desertion.jpg	http://mtgpics.chutography.com/6E/Desertion.full.jpg
desolation.jpg	http://mtgpics.chutography.com/VI/Desolation.full.jpg
desolation_angel.jpg	http://mtgpics.chutography.com/AP/Desolation%20Angel.full.jpg
desolation_giant.jpg	http://mtgpics.chutography.com/AP/Desolation%20Giant.full.jpg
desperate_charge.jpg	http://mtgpics.chutography.com/P3/Desperate%20Charge.full.jpg
desperate_gambit.jpg	http://mtgpics.chutography.com/WL/Desperate%20Gambit.full.jpg
desperate_research.jpg	http://mtgpics.chutography.com/IN/Desperate%20Research.full.jpg
desperate_ritual.jpg	http://mtgpics.chutography.com/CHK/Desperate%20Ritual.full.jpg
despoil.jpg	http://mtgpics.chutography.com/PY/Despoil.full.jpg
despondency.jpg	http://mtgpics.chutography.com/US/Despondency.full.jpg
despotic_scepter.jpg	http://mtgpics.chutography.com/IA/Despotic%20Scepter.full.jpg
destructive_flow.jpg	http://mtgpics.chutography.com/PS/Destructive%20Flow.full.jpg
destructive_urge.jpg	http://mtgpics.chutography.com/US/Destructive%20Urge.full.jpg
detainment_spell.jpg	http://mtgpics.chutography.com/TSP/Detainment%20Spell.full.jpg
detonate.jpg	http://mtgpics.chutography.com/5E/Detonate.full.jpg
detritivore.jpg	http://mtgpics.chutography.com/PLC/Detritivore.full.jpg
deus_of_calamity.jpg	http://mtgpics.chutography.com/SHM/Deus%20of%20Calamity.full.jpg
devastate.jpg	http://mtgpics.chutography.com/PY/Devastate.full.jpg
devastating_dreams.jpg	http://mtgpics.chutography.com/TO/Devastating%20Dreams.full.jpg
devastation.jpg	http://mtgpics.chutography.com/ST/Devastation.full.jpg
devoted_caretaker.jpg	http://mtgpics.chutography.com/OD/Devoted%20Caretaker.full.jpg
devoted_druid.jpg	http://mtgpics.chutography.com/SHM/Devoted%20Druid.full.jpg
devoted_hero.jpg	http://mtgpics.chutography.com/ST/Devoted%20Hero.full.jpg
devoted_retainer.jpg	http://mtgpics.chutography.com/CHK/Devoted%20Retainer.full.jpg
devour_in_shadow.jpg	http://mtgpics.chutography.com/FD/Devour%20in%20Shadow.full.jpg
devouring_deep.jpg	http://mtgpics.chutography.com/LG/Devouring%20Deep.full.jpg
devouring_greed.jpg	http://mtgpics.chutography.com/CHK/Devouring%20Greed.full.jpg
devouring_light.jpg	http://mtgpics.chutography.com/RAV/Devouring%20Light.full.jpg
devouring_rage.jpg	http://mtgpics.chutography.com/CHK/Devouring%20Rage.full.jpg
devouring_strossus.jpg	http://mtgpics.chutography.com/IN/Devouring%20Strossus.full.jpg
devout_harpist.jpg	http://mtgpics.chutography.com/UL/Devout%20Harpist.full.jpg
devout_lightcaster.jpg	http://pics.slightlymagic.net/ZEN/Devout%20Lightcaster.full.jpg
devout_monk.jpg	http://mtgpics.chutography.com/ST/Devout%20Monk.full.jpg
devout_witness.jpg	http://mtgpics.chutography.com/MM/Devout%20Witness.full.jpg
dewdrop_spy.jpg	http://mtgpics.chutography.com/MOR/Dewdrop%20Spy.full.jpg
diabolic_edict.jpg	http://mtgpics.chutography.com/TE/Diabolic%20Edict.full.jpg
diabolic_intent.jpg	http://mtgpics.chutography.com/PS/Diabolic%20Intent.full.jpg
diabolic_machine.jpg	http://mtgpics.chutography.com/5E/Diabolic%20Machine.full.jpg
diabolic_servitude.jpg	http://mtgpics.chutography.com/US/Diabolic%20Servitude.full.jpg
diabolic_tutor.jpg	http://mtgpics.chutography.com/M10/Diabolic%20Tutor.full.jpg
diabolic_vision.jpg	http://mtgpics.chutography.com/IA/Diabolic%20Vision.full.jpg
diamond_faerie.jpg	http://mtgpics.chutography.com/CS/Diamond%20Faerie.full.jpg
diamond_kaleidoscope.jpg	http://mtgpics.chutography.com/VI/Diamond%20Kaleidoscope.full.jpg
diamond_valley.jpg	http://mtgpics.chutography.com/AN/Diamond%20Valley.full.jpg
diaochan_artful_beauty.jpg	http://mtgpics.chutography.com/P3/Diaochan,%20Artful%20Beauty.full.jpg
dichotomancy.jpg	http://mtgpics.chutography.com/PLC/Dichotomancy.full.jpg
didgeridoo.jpg	http://mtgpics.chutography.com/HL/Didgeridoo.full.jpg
diligent_farmhand.jpg	http://mtgpics.chutography.com/OD/Diligent%20Farmhand.full.jpg
dimensional_breach.jpg	http://mtgpics.chutography.com/SC/Dimensional%20Breach.full.jpg
diminishing_returns.jpg	http://mtgpics.chutography.com/6E/Diminishing%20Returns.full.jpg
dimir_aqueduct.jpg	http://mtgpics.chutography.com/RAV/Dimir%20Aqueduct.full.jpg
dimir_cutpurse.jpg	http://mtgpics.chutography.com/RAV/Dimir%20Cutpurse.full.jpg
dimir_doppelganger.jpg	http://mtgpics.chutography.com/RAV/Dimir%20Doppelganger.full.jpg
dimir_guildmage.jpg	http://mtgpics.chutography.com/REL/Dimir%20Guildmage.full.jpg
dimir_house_guard.jpg	http://mtgpics.chutography.com/RAV/Dimir%20House%20Guard.full.jpg
dimir_infiltrator.jpg	http://mtgpics.chutography.com/RAV/Dimir%20infiltrator.full.jpg
dimir_machinations.jpg	http://mtgpics.chutography.com/RAV/Dimir%20Machinations.full.jpg
dimir_signet.jpg	http://mtgpics.chutography.com/RAV/Dimir%20Signet.full.jpg
din_of_the_fireherd.jpg	http://mtgpics.chutography.com/SHM/Din%20of%20the%20Fireherd.full.jpg
dingus_egg.jpg	http://mtgpics.chutography.com/8E/Dingus%20Egg.full.jpg
dingus_staff.jpg	http://mtgpics.chutography.com/WL/Dingus%20Staff.full.jpg
diplomatic_escort.jpg	http://mtgpics.chutography.com/MM/Diplomatic%20Escort.full.jpg
diplomatic_immunity.jpg	http://mtgpics.chutography.com/MM/Diplomatic%20Immunity.full.jpg
dire_undercurrents.jpg	http://mtgpics.chutography.com/SHM/Dire%20Undercurrents.full.jpg
dire_wolves.jpg	http://mtgpics.chutography.com/IA/Dire%20Wolves.full.jpg
dirge_of_dread.jpg	http://mtgpics.chutography.com/ON/Dirge%20of%20Dread.full.jpg
dirtcowl_wurm.jpg	http://mtgpics.chutography.com/TE/Dirtcowl%20Wurm.full.jpg
dirtwater_wraith.jpg	http://mtgpics.chutography.com/MI/Dirtwater%20Wraith.full.jpg
dirty_wererat.jpg	http://mtgpics.chutography.com/OD/Dirty%20Wererat.full.jpg
disappear.jpg	http://mtgpics.chutography.com/UD/Disappear.full.jpg
disarm.jpg	http://mtgpics.chutography.com/MR/Disarm.full.jpg
disciple_of_grace.jpg	http://mtgpics.chutography.com/ON/Disciple%20of%20Grace.full.jpg
disciple_of_kangee.jpg	http://mtgpics.chutography.com/PS/Disciple%20of%20Kangee.full.jpg
disciple_of_law.jpg	http://mtgpics.chutography.com/US/Disciple%20of%20Law.full.jpg
disciple_of_malice.jpg	http://mtgpics.chutography.com/ON/Disciple%20of%20Malice.full.jpg
disciple_of_tevesh_szat.jpg	http://mtgpics.chutography.com/CS/Disciple%20of%20Tevesh%20Szat.full.jpg
disciple_of_the_vault.jpg	http://mtgpics.chutography.com/MR/Disciple%20of%20the%20Vault.full.jpg
discombobulate.jpg	http://mtgpics.chutography.com/10E/Discombobulate.full.jpg
discordant_dirge.jpg	http://mtgpics.chutography.com/US/Discordant%20Dirge.full.jpg
discordant_spirit.jpg	http://mtgpics.chutography.com/MI/Discordant%20Spirit.full.jpg
disease_carriers.jpg	http://mtgpics.chutography.com/UD/Disease%20Carriers.full.jpg
diseased_vermin.jpg	http://mtgpics.chutography.com/AL/Diseased%20Vermin.full.jpg
disembowel.jpg	http://mtgpics.chutography.com/RAV/Disembowel.full.jpg
disempower.jpg	http://mtgpics.chutography.com/MI/Disempower.full.jpg
disenchant.jpg	http://mtgpics.chutography.com/7E/Disenchant.full.jpg
disentomb.jpg	http://mtgpics.chutography.com/M10/Disentomb.full.jpg
disfigure.jpg	http://pics.slightlymagic.net/ZEN/Disfigure.full.jpg
disharmony.jpg	http://mtgpics.chutography.com/LG/Disharmony.full.jpg
disintegrate.jpg	http://mtgpics.chutography.com/5E/Disintegrate.full.jpg
dismal_failure.jpg	http://mtgpics.chutography.com/PLC/Dismal%20Failure.full.jpg
dismantle.jpg	http://mtgpics.chutography.com/DS/Dismantle.full.jpg
dismantling_blow.jpg	http://mtgpics.chutography.com/IN/Dismantling%20Blow.full.jpg
dismiss.jpg	http://mtgpics.chutography.com/TE/Dismiss.full.jpg
disorder.jpg	http://mtgpics.chutography.com/7E/Disorder.full.jpg
disorient.jpg	http://mtgpics.chutography.com/M10/Disorient.full.jpg
dispellers_capsule.jpg	http://mtgpics.chutography.com/ALA/Dispeller's%20Capsule.full.jpg
dispersal_shield.jpg	http://mtgpics.chutography.com/SC/Dispersal%20Shield.full.jpg
disperse.jpg	http://mtgpics.chutography.com/MOR/Disperse.full.jpg
dispersing_orb.jpg	http://mtgpics.chutography.com/ON/Dispersing%20Orb.full.jpg
disrupt.jpg	http://mtgpics.chutography.com/IN/Disrupt.full.jpg
disrupting_scepter.jpg	http://mtgpics.chutography.com/9E/Disrupting%20Scepter.full.jpg
disrupting_shoal.jpg	http://mtgpics.chutography.com/BOK/Disrupting%20Shoal.full.jpg
disruption_aura.jpg	http://mtgpics.chutography.com/FD/Disruption%20Aura.full.jpg
disruptive_pitmage.jpg	http://mtgpics.chutography.com/ON/Disruptive%20Pitmage.full.jpg
disruptive_student.jpg	http://mtgpics.chutography.com/US/Disruptive%20Student.full.jpg
dissipate.jpg	http://mtgpics.chutography.com/MI/Dissipate.full.jpg
distant_melody.jpg	http://mtgpics.chutography.com/MOR/Distant%20Melody.full.jpg
distorting_lens.jpg	http://mtgpics.chutography.com/8E/Distorting%20Lens.full.jpg
distorting_wake.jpg	http://mtgpics.chutography.com/IN/Distorting%20Wake.full.jpg
distress.jpg	http://mtgpics.chutography.com/10E/Distress.full.jpg
disturbed_burial.jpg	http://mtgpics.chutography.com/TE/Disturbed%20Burial.full.jpg
disturbing_plot.jpg	http://mtgpics.chutography.com/SHM/Disturbing%20Plot.full.jpg
dive_bomber.jpg	http://mtgpics.chutography.com/ON/Dive%20Bomber.full.jpg
divebomber_griffin.jpg	http://mtgpics.chutography.com/RAV/Divebomber%20Griffin.full.jpg
divergent_growth.jpg	http://mtgpics.chutography.com/SC/Divergent%20Growth.full.jpg
diversionary_tactics.jpg	http://mtgpics.chutography.com/AP/Diversionary%20Tactics.full.jpg
divert.jpg	http://mtgpics.chutography.com/OD/Divert.full.jpg
divination.jpg	http://mtgpics.chutography.com/M10/Divination.full.jpg
divine_congregation.jpg	http://mtgpics.chutography.com/TSP/Divine%20Congregation.full.jpg
divine_intervention.jpg	http://mtgpics.chutography.com/LG/Divine%20Intervention.full.jpg
divine_light.jpg	http://mtgpics.chutography.com/AP/Divine%20Light.full.jpg
divine_offering.jpg	http://mtgpics.chutography.com/MI/Divine%20Offering.full.jpg
divine_presence.jpg	http://mtgpics.chutography.com/IN/Divine%20Presence.full.jpg
divine_retribution.jpg	http://mtgpics.chutography.com/MI/Divine%20Retribution.full.jpg
divine_sacrament.jpg	http://mtgpics.chutography.com/OD/Divine%20Sacrament.full.jpg
divine_transformation.jpg	http://mtgpics.chutography.com/LG/Divine%20Transformation.full.jpg
divine_verdict.jpg	http://mtgpics.chutography.com/M10/Divine%20Verdict.full.jpg
diviners_wand.jpg	http://mtgpics.chutography.com/MOR/Diviner's%20Wand.full.jpg
diving_griffin.jpg	http://mtgpics.chutography.com/8E/Diving%20Griffin.full.jpg
divining_witch.jpg	http://mtgpics.chutography.com/NE/Divining%20Witch.full.jpg
divinity_of_pride.jpg	http://mtgpics.chutography.com/EVE/Divinity%20of%20Pride.full.jpg
dizzy_spell.jpg	http://mtgpics.chutography.com/RAV/Dizzy%20Spell.full.jpg
dizzying_gaze.jpg	http://mtgpics.chutography.com/EX/Dizzying%20Gaze.full.jpg
djinn_illuminatus.jpg	http://mtgpics.chutography.com/GP/Djinn%20Illuminatus.full.jpg
djinn_of_the_lamp.jpg	http://mtgpics.chutography.com/PT/Djinn%20of%20the%20Lamp.full.jpg
djinn_of_wishes.jpg	http://mtgpics.chutography.com/M10/Djinn%20of%20Wishes.full.jpg
do_or_die.jpg	http://mtgpics.chutography.com/IN/Do%20or%20Die.full.jpg
dodecapod.jpg	http://mtgpics.chutography.com/AP/Dodecapod.full.jpg
dogged_hunter.jpg	http://mtgpics.chutography.com/OD/Dogged%20Hunter.full.jpg
dogpile.jpg	http://mtgpics.chutography.com/RAV/Dogpile.full.jpg
dolmen_gate.jpg	http://mtgpics.chutography.com/LRW/Dolmen%20Gate.full.jpg
dominarias_judgment.jpg	http://mtgpics.chutography.com/PS/Dominaria's%20Judgment.full.jpg
dominate.jpg	http://mtgpics.chutography.com/NE/Dominate.full.jpg
dominating_licid.jpg	http://mtgpics.chutography.com/EX/Dominating%20Licid.full.jpg
domineer.jpg	http://mtgpics.chutography.com/MR/Domineer.full.jpg
dominus_of_fealty.jpg	http://mtgpics.chutography.com/EVE/Dominus%20of%20Fealty.full.jpg
donate.jpg	http://mtgpics.chutography.com/UD/Donate.full.jpg
dong_zhou_the_tyrant.jpg	http://mtgpics.chutography.com/P3/Dong%20Zhou,%20the%20Tyrant.full.jpg
doom_blade.jpg	http://mtgpics.chutography.com/M10/Doom%20Blade.full.jpg
doom_cannon.jpg	http://mtgpics.chutography.com/ON/Doom%20Cannon.full.jpg
doomed_necromancer.jpg	http://mtgpics.chutography.com/10E/Doomed%20Necromancer.full.jpg
doomgape.jpg	http://mtgpics.chutography.com/EVE/Doomgape.full.jpg
doomsday.jpg	http://mtgpics.chutography.com/WL/Doomsday.full.jpg
doomsday_specter.jpg	http://mtgpics.chutography.com/PS/Doomsday%20Specter.full.jpg
door_of_destinies.jpg	http://mtgpics.chutography.com/MOR/Door%20of%20Destinies.full.jpg
door_to_nothingness.jpg	http://mtgpics.chutography.com/FD/Door%20to%20Nothingness.full.jpg
doran_the_siege_tower.jpg	http://mtgpics.chutography.com/LRW/Doran,%20the%20Siege%20Tower.full.jpg
dormant_sliver.jpg	http://mtgpics.chutography.com/PLC/Dormant%20Sliver.full.jpg
dormant_volcano.jpg	http://mtgpics.chutography.com/VI/Dormant%20Volcano.full.jpg
dosan_the_falling_leaf.jpg	http://mtgpics.chutography.com/CHK/Dosan%20the%20Falling%20Leaf.full.jpg
dosans_oldest_chant.jpg	http://mtgpics.chutography.com/SOK/Dosan's%20Oldest%20Chant.full.jpg
double_cleave.jpg	http://mtgpics.chutography.com/EVE/Double%20Cleave.full.jpg
double_cross.jpg	http://mtgpics.chutography.com/UG/Double%20Cross.full.jpg
double_deal.jpg	http://mtgpics.chutography.com/UG/Double%20Deal.full.jpg
double_dip.jpg	http://mtgpics.chutography.com/UG/Double%20Dip.full.jpg
double_header.jpg	http://mtgpics.chutography.com/UNH/Double%20Header.full.jpg
double_negative.jpg	http://mtgpics.chutography.com/ARB/Double%20Negative.full.jpg
double_play.jpg	http://mtgpics.chutography.com/UG/Double%20Play.full.jpg
double_take.jpg	http://mtgpics.chutography.com/UG/Double%20Take.full.jpg
doubling_cube.jpg	http://mtgpics.chutography.com/10E/Doubling%20Cube.full.jpg
doubling_season.jpg	http://mtgpics.chutography.com/RAV/Doubling%20Season.full.jpg
doubtless_one.jpg	http://mtgpics.chutography.com/ON/Doubtless%20One.full.jpg
douse.jpg	http://mtgpics.chutography.com/US/Douse.full.jpg
douse_in_gloom.jpg	http://mtgpics.chutography.com/GP/Douse%20in%20Gloom.full.jpg
dovescape.jpg	http://mtgpics.chutography.com/DIS/Dovescape.full.jpg
downdraft.jpg	http://mtgpics.chutography.com/WL/Downdraft.full.jpg
downhill_charge.jpg	http://mtgpics.chutography.com/NE/Downhill%20Charge.full.jpg
dowsing_shaman.jpg	http://mtgpics.chutography.com/RAV/Dowsing%20Shaman.full.jpg
draco.jpg	http://mtgpics.chutography.com/PS/Draco.full.jpg
draconian_cylix.jpg	http://mtgpics.chutography.com/FE/Draconian%20Cylix.full.jpg
dracoplasm.jpg	http://mtgpics.chutography.com/TE/Dracoplasm.full.jpg
drafnas_restoration.jpg	http://mtgpics.chutography.com/AQ/Drafna's%20Restoration.full.jpg
drag_down.jpg	http://mtgpics.chutography.com/CFX/Drag%20Down.full.jpg
dragon_appeasement.jpg	http://mtgpics.chutography.com/ARB/Dragon%20Appeasement.full.jpg
dragon_arch.jpg	http://mtgpics.chutography.com/AP/Dragon%20Arch.full.jpg
dragon_blood.jpg	http://mtgpics.chutography.com/MR/Dragon%20Blood.full.jpg
dragon_breath.jpg	http://mtgpics.chutography.com/SC/Dragon%20Breath.full.jpg
dragon_broodmother.jpg	http://mtgpics.chutography.com/ARB/Dragon%20Broodmother.full.jpg
dragon_engine.jpg	http://mtgpics.chutography.com/6E/Dragon%20Engine.full.jpg
dragon_fangs.jpg	http://mtgpics.chutography.com/SC/Dragon%20Fangs.full.jpg
dragon_fodder.jpg	http://mtgpics.chutography.com/ALA/Dragon%20Fodder.full.jpg
dragon_mage.jpg	http://mtgpics.chutography.com/SC/Dragon%20Mage.full.jpg
dragon_mask.jpg	http://mtgpics.chutography.com/6E/Dragon%20Mask.full.jpg
dragon_roost.jpg	http://mtgpics.chutography.com/10E/Dragon%20Roost.full.jpg
dragon_scales.jpg	http://mtgpics.chutography.com/SC/Dragon%20Scales.full.jpg
dragon_shadow.jpg	http://mtgpics.chutography.com/SC/Dragon%20Shadow.full.jpg
dragon_tyrant.jpg	http://mtgpics.chutography.com/SC/Dragon%20Tyrant.full.jpg
dragon_whelp.jpg	http://mtgpics.chutography.com/M10/Dragon%20Whelp.full.jpg
dragon_wings.jpg	http://mtgpics.chutography.com/SC/Dragon%20Wings.full.jpg
dragons_claw.jpg	http://mtgpics.chutography.com/M10/Dragon's%20Claw.full.jpg
dragons_herald.jpg	http://mtgpics.chutography.com/ALA/Dragon's%20Herald.full.jpg
dragonskull_summit.jpg	http://mtgpics.chutography.com/M10/Dragonskull%20Summit.full.jpg
dragonsoul_knight.jpg	http://mtgpics.chutography.com/CFX/Dragonsoul%20Knight.full.jpg
dragonspeaker_shaman.jpg	http://mtgpics.chutography.com/SC/Dragonspeaker%20Shaman.full.jpg
dragonstalker.jpg	http://mtgpics.chutography.com/SC/Dragonstalker.full.jpg
dragonstorm.jpg	http://mtgpics.chutography.com/SC/Dragonstorm.full.jpg
drain_life.jpg	http://mtgpics.chutography.com/5E/Drain%20Life.full.jpg
drain_power.jpg	http://mtgpics.chutography.com/5E/Drain%20Power.full.jpg
drain_the_well.jpg	http://mtgpics.chutography.com/EVE/Drain%20the%20Well.full.jpg
draining_whelk.jpg	http://mtgpics.chutography.com/TSP/Draining%20Whelk.full.jpg
drake_familiar.jpg	http://mtgpics.chutography.com/RAV/Drake%20Familiar.full.jpg
drake_hatchling.jpg	http://mtgpics.chutography.com/MM/Drake%20Hatchling.full.jpg
drake_skull_cameo.jpg	http://mtgpics.chutography.com/IN/Drake-Skull%20Cameo.full.jpg
dralnu_lich_lord.jpg	http://mtgpics.chutography.com/TSP/Dralnu,%20Lich%20Lord.full.jpg
dralnus_crusade.jpg	http://mtgpics.chutography.com/PS/Dralnu's%20Crusade.full.jpg
dralnus_pet.jpg	http://mtgpics.chutography.com/PS/Dralnu's%20Pet.full.jpg
dramatic_entrance.jpg	http://mtgpics.chutography.com/SHM/Dramatic%20Entrance.full.jpg
drastic_revelation.jpg	http://mtgpics.chutography.com/ARB/Drastic%20Revelation.full.jpg
drawn_together.jpg	http://mtgpics.chutography.com/UNH/Drawn%20Together.full.jpg
dread.jpg	http://mtgpics.chutography.com/LRW/Dread.full.jpg
dread_charge.jpg	http://mtgpics.chutography.com/PT/Dread%20Charge.full.jpg
dread_of_night.jpg	http://mtgpics.chutography.com/TE/Dread%20of%20Night.full.jpg
dread_reaper.jpg	http://mtgpics.chutography.com/PT/Dread%20Reaper.full.jpg
dread_return.jpg	http://mtgpics.chutography.com/TSP/Dread%20Return.full.jpg
dread_slag.jpg	http://mtgpics.chutography.com/DIS/Dread%20Slag.full.jpg
dread_specter.jpg	http://mtgpics.chutography.com/MI/Dread%20Specter.full.jpg
dread_warlock.jpg	http://mtgpics.chutography.com/M10/Dread%20Warlock.full.jpg
dread_wight.jpg	http://mtgpics.chutography.com/IA/Dread%20Wight.full.jpg
dreadship_reef.jpg	http://mtgpics.chutography.com/TSP/Dreadship%20Reef.full.jpg
dreadwing.jpg	http://mtgpics.chutography.com/CFX/Dreadwing.full.jpg
dream_cache.jpg	http://mtgpics.chutography.com/MI/Dream%20Cache.full.jpg
dream_chisel.jpg	http://mtgpics.chutography.com/ON/Dream%20Chisel.full.jpg
dream_coat.jpg	http://mtgpics.chutography.com/LG/Dream%20Coat.full.jpg
dream_fighter.jpg	http://mtgpics.chutography.com/MI/Dream%20Fighter.full.jpg
dream_fracture.jpg	http://mtgpics.chutography.com/EVE/Dream%20Fracture.full.jpg
dream_halls.jpg	http://mtgpics.chutography.com/SH/Dream%20Halls.full.jpg
dream_leash.jpg	http://mtgpics.chutography.com/RAV/Dream%20Leash.full.jpg
dream_prowler.jpg	http://mtgpics.chutography.com/9E/Dream%20Prowler.full.jpg
dream_salvage.jpg	http://mtgpics.chutography.com/SHM/Dream%20Salvage.full.jpg
dream_stalker.jpg	http://mtgpics.chutography.com/TSP/Dream%20Stalker.full.jpg
dream_thief.jpg	http://mtgpics.chutography.com/EVE/Dream%20Thief.full.jpg
dream_thrush.jpg	http://mtgpics.chutography.com/IN/Dream%20Thrush.full.jpg
dream_tides.jpg	http://mtgpics.chutography.com/VI/Dream%20Tides.full.jpg
dreamborn_muse.jpg	http://mtgpics.chutography.com/10E/Dreamborn%20Muse.full.jpg
dreamcatcher.jpg	http://mtgpics.chutography.com/SOK/Dreamcatcher.full.jpg
dreams_grip.jpg	http://mtgpics.chutography.com/MR/Dream's%20Grip.full.jpg
dreams_of_the_dead.jpg	http://mtgpics.chutography.com/IA/Dreams%20of%20the%20Dead.full.jpg
dreamscape_artist.jpg	http://mtgpics.chutography.com/PLC/Dreamscape%20Artist.full.jpg
dreamspoiler_witches.jpg	http://mtgpics.chutography.com/LRW/Dreamspoiler%20Witches.full.jpg
dreamwinder.jpg	http://mtgpics.chutography.com/OD/Dreamwinder.full.jpg
dredge.jpg	http://mtgpics.chutography.com/IN/Dredge.full.jpg
dreg_reaver.jpg	http://mtgpics.chutography.com/ALA/Dreg%20Reaver.full.jpg
dregs_of_sorrow.jpg	http://mtgpics.chutography.com/7E/Dregs%20of%20Sorrow.full.jpg
dregscape_zombie.jpg	http://mtgpics.chutography.com/ALA/Dregscape%20Zombie.full.jpg
drekavac.jpg	http://mtgpics.chutography.com/DIS/Drekavac.full.jpg
drelnoch.jpg	http://mtgpics.chutography.com/CS/Drelnoch.full.jpg
drift_of_phantasms.jpg	http://mtgpics.chutography.com/RAV/Drift%20of%20Phantasms.full.jpg
drift_of_the_dead.jpg	http://mtgpics.chutography.com/IA/Drift%20of%20the%20Dead.full.jpg
drifter_il_dal.jpg	http://mtgpics.chutography.com/TSP/Drifter%20il-Dal.full.jpg
drifting_djinn.jpg	http://mtgpics.chutography.com/US/Drifting%20Djinn.full.jpg
drifting_meadow.jpg	http://mtgpics.chutography.com/AT/Drifting%20Meadow.full.jpg
drill_skimmer.jpg	http://mtgpics.chutography.com/DS/Drill-Skimmer.full.jpg
drinker_of_sorrow.jpg	http://mtgpics.chutography.com/LE/Drinker%20of%20Sorrow.full.jpg
dripping_dead.jpg	http://mtgpics.chutography.com/LE/Dripping%20Dead.full.jpg
dripping_tongue_zubera.jpg	http://mtgpics.chutography.com/CHK/Dripping-Tongue%20Zubera.full.jpg
dromad_purebred.jpg	http://mtgpics.chutography.com/RAV/Dromad%20Purebred.full.jpg
dromar_the_banisher.jpg	http://mtgpics.chutography.com/IN/Dromar,%20the%20Banisher.full.jpg
dromars_attendant.jpg	http://mtgpics.chutography.com/IN/Dromar's%20Attendant.full.jpg
dromars_cavern.jpg	http://mtgpics.chutography.com/PS/Dromar's%20Cavern.full.jpg
dromars_charm.jpg	http://mtgpics.chutography.com/PS/Dromar's%20Charm.full.jpg
dromosaur.jpg	http://mtgpics.chutography.com/US/Dromosaur.full.jpg
droning_bureaucrats.jpg	http://mtgpics.chutography.com/GP/Droning%20Bureaucrats.full.jpg
drooling_groodion.jpg	http://mtgpics.chutography.com/RAV/Drooling%20Groodion.full.jpg
drooling_ogre.jpg	http://mtgpics.chutography.com/DS/Drooling%20Ogre.full.jpg
drop_of_honey.jpg	http://mtgpics.chutography.com/AN/Drop%20of%20Honey.full.jpg
dross_crocodile.jpg	http://mtgpics.chutography.com/10E/Dross%20Crocodile.full.jpg
dross_golem.jpg	http://mtgpics.chutography.com/DS/Dross%20Golem.full.jpg
dross_harvester.jpg	http://mtgpics.chutography.com/MR/Dross%20Harvester.full.jpg
dross_prowler.jpg	http://mtgpics.chutography.com/MR/Dross%20Prowler.full.jpg
dross_scorpion.jpg	http://mtgpics.chutography.com/MR/Dross%20Scorpion.full.jpg
drought.jpg	http://mtgpics.chutography.com/IA/Drought.full.jpg
drove_of_elves.jpg	http://mtgpics.chutography.com/SHM/Drove%20of%20Elves.full.jpg
drowned.jpg	http://mtgpics.chutography.com/DK/Drowned.full.jpg
drowned_catacomb.jpg	http://mtgpics.chutography.com/M10/Drowned%20Catacomb.full.jpg
drowned_rusalka.jpg	http://mtgpics.chutography.com/GP/Drowned%20Rusalka.full.jpg
drowner_initiate.jpg	http://mtgpics.chutography.com/SHM/Drowner%20Initiate.full.jpg
drowner_of_secrets.jpg	http://mtgpics.chutography.com/LRW/Drowner%20of%20Secrets.full.jpg
drudge_reavers.jpg	http://mtgpics.chutography.com/TSP/Drudge%20Reavers.full.jpg
drudge_skeletons.jpg	http://mtgpics.chutography.com/M10/Drudge%20Skeletons.full.jpg
drudge_spell.jpg	http://mtgpics.chutography.com/HL/Drudge%20Spell.full.jpg
druid_lyrist.jpg	http://mtgpics.chutography.com/OD/Druid%20Lyrist.full.jpg
druid_of_the_anima.jpg	http://mtgpics.chutography.com/ALA/Druid%20of%20the%20Anima.full.jpg
druids_call.jpg	http://mtgpics.chutography.com/OD/Druid's%20Call.full.jpg
drumhunter.jpg	http://mtgpics.chutography.com/ALA/Drumhunter.full.jpg
dry_spell.jpg	http://mtgpics.chutography.com/6E/Dry%20Spell.full.jpg
dryad_arbor.jpg	http://mtgpics.chutography.com/FUT/Dryad%20Arbor.full.jpg
dryad_sophisticate.jpg	http://mtgpics.chutography.com/GP/Dryad%20Sophisticate.full.jpg
dryads_caress.jpg	http://mtgpics.chutography.com/RAV/Dryad's%20Caress.full.jpg
dual_nature.jpg	http://mtgpics.chutography.com/PY/Dual%20Nature.full.jpg
duct_crawler.jpg	http://mtgpics.chutography.com/10E/Duct%20Crawler.full.jpg
dueling_grounds.jpg	http://mtgpics.chutography.com/IN/Dueling%20Grounds.full.jpg
duergar_assailant.jpg	http://mtgpics.chutography.com/EVE/Duergar%20Assailant.full.jpg
duergar_cave_guard.jpg	http://mtgpics.chutography.com/EVE/Duergar%20Cave-Guard.full.jpg
duergar_hedge_mage.jpg	http://mtgpics.chutography.com/EVE/Duergar%20Hedge-Mage.full.jpg
duergar_mine_captain.jpg	http://mtgpics.chutography.com/EVE/Duergar%20Mine-Captain.full.jpg
duh.jpg	http://mtgpics.chutography.com/UNH/Duh.full.jpg
dumb_ass.jpg	http://mtgpics.chutography.com/UNH/Dumb%20Ass.full.jpg
dune_brood_nephilim.jpg	http://mtgpics.chutography.com/GP/Dune-Brood%20Nephilim.full.jpg
dunerider_outlaw.jpg	http://mtgpics.chutography.com/PLC/Dunerider%20Outlaw.full.jpg
dungeon_shade.jpg	http://mtgpics.chutography.com/SH/Dungeon%20Shade.full.jpg
duplicant.jpg	http://mtgpics.chutography.com/MR/Duplicant.full.jpg
duplicity.jpg	http://mtgpics.chutography.com/TE/Duplicity.full.jpg
duress.jpg	http://mtgpics.chutography.com/M10/Duress.full.jpg
durkwood_baloth.jpg	http://mtgpics.chutography.com/TSP/Durkwood%20Baloth.full.jpg
durkwood_boars.jpg	http://mtgpics.chutography.com/LG/Durkwood%20Boars.full.jpg
durkwood_tracker.jpg	http://mtgpics.chutography.com/TSP/Durkwood%20Tracker.full.jpg
dusk_imp.jpg	http://mtgpics.chutography.com/10E/Dusk%20Imp.full.jpg
dusk_urchins.jpg	http://mtgpics.chutography.com/SHM/Dusk%20Urchins.full.jpg
duskdale_wurm.jpg	http://mtgpics.chutography.com/EVE/Duskdale%20Wurm.full.jpg
duskmantle_house_of_shadow.jpg	http://mtgpics.chutography.com/RAV/Duskmantle,%20House%20of%20Shadow.full.jpg
duskrider_falcon.jpg	http://mtgpics.chutography.com/WL/Duskrider%20Falcon.full.jpg
duskrider_peregrine.jpg	http://mtgpics.chutography.com/TSP/Duskrider%20Peregrine.full.jpg
duskwalker.jpg	http://mtgpics.chutography.com/IN/Duskwalker.full.jpg
duskworker.jpg	http://mtgpics.chutography.com/MR/Duskworker.full.jpg
dust_bowl.jpg	http://mtgpics.chutography.com/MM/Dust%20Bowl.full.jpg
dust_corona.jpg	http://mtgpics.chutography.com/PLC/Dust%20Corona.full.jpg
dust_elemental.jpg	http://mtgpics.chutography.com/PLC/Dust%20Elemental.full.jpg
dust_of_moments.jpg	http://mtgpics.chutography.com/FUT/Dust%20of%20Moments.full.jpg
dust_to_dust.jpg	http://mtgpics.chutography.com/5E/Dust%20to%20Dust.full.jpg
dwarven_armorer.jpg	http://mtgpics.chutography.com/FE/Dwarven%20Armorer.full.jpg
dwarven_armory.jpg	http://mtgpics.chutography.com/IA/Dwarven%20Armory.full.jpg
dwarven_berserker.jpg	http://mtgpics.chutography.com/WL/Dwarven%20Berserker.full.jpg
dwarven_blastminer.jpg	http://mtgpics.chutography.com/ON/Dwarven%20Blastminer.full.jpg
dwarven_bloodboiler.jpg	http://mtgpics.chutography.com/JU/Dwarven%20Bloodboiler.full.jpg
dwarven_catapult.jpg	http://mtgpics.chutography.com/FE/Dwarven%20Catapult.full.jpg
dwarven_demolition_team.jpg	http://mtgpics.chutography.com/8E/Dwarven%20Demolition%20Team.full.jpg
dwarven_driller.jpg	http://mtgpics.chutography.com/JU/Dwarven%20Driller.full.jpg
dwarven_grunt.jpg	http://mtgpics.chutography.com/OD/Dwarven%20Grunt.full.jpg
dwarven_hold.jpg	http://mtgpics.chutography.com/FE/Dwarven%20Hold.full.jpg
dwarven_landslide.jpg	http://mtgpics.chutography.com/AP/Dwarven%20Landslide.full.jpg
dwarven_lieutenant.jpg	http://mtgpics.chutography.com/FE/Dwarven%20Lieutenant.full.jpg
dwarven_miner.jpg	http://mtgpics.chutography.com/MI/Dwarven%20Miner.full.jpg
dwarven_nomad.jpg	http://mtgpics.chutography.com/MI/Dwarven%20Nomad.full.jpg
dwarven_patrol.jpg	http://mtgpics.chutography.com/AP/Dwarven%20Patrol.full.jpg
dwarven_pony.jpg	http://mtgpics.chutography.com/HL/Dwarven%20Pony.full.jpg
dwarven_recruiter.jpg	http://mtgpics.chutography.com/OD/Dwarven%20Recruiter.full.jpg
dwarven_ruins.jpg	http://mtgpics.chutography.com/6E/Dwarven%20Ruins.full.jpg
dwarven_scorcher.jpg	http://mtgpics.chutography.com/JU/Dwarven%20Scorcher.full.jpg
dwarven_sea_clan.jpg	http://mtgpics.chutography.com/HL/Dwarven%20Sea%20Clan.full.jpg
dwarven_shrine.jpg	http://mtgpics.chutography.com/OD/Dwarven%20Shrine.full.jpg
dwarven_soldier.jpg	http://mtgpics.chutography.com/5E/Dwarven%20Soldier.full.jpg
dwarven_song.jpg	http://mtgpics.chutography.com/LG/Dwarven%20Song.full.jpg
dwarven_strike_force.jpg	http://mtgpics.chutography.com/OD/Dwarven%20Strike%20Force.full.jpg
dwarven_thaumaturgist.jpg	http://mtgpics.chutography.com/WL/Dwarven%20Thaumaturgist.full.jpg
dwarven_trader.jpg	http://mtgpics.chutography.com/HL/Dwarven%20Trader1.full.jpg
dwarven_vigilantes.jpg	http://mtgpics.chutography.com/VI/Dwarven%20Vigilantes.full.jpg
dwarven_warriors.jpg	http://mtgpics.chutography.com/5E/Dwarven%20Warriors.full.jpg
dwarven_weaponsmith.jpg	http://mtgpics.chutography.com/AQ/Dwarven%20Weaponsmith.full.jpg
dwell_on_the_past.jpg	http://mtgpics.chutography.com/TO/Dwell%20on%20the%20Past.full.jpg
dying_wail.jpg	http://mtgpics.chutography.com/UD/Dying%20Wail.full.jpg
dystopia.jpg	http://mtgpics.chutography.com/AL/Dystopia.full.jpg