r&ds_secret_lair.jpg	http://mtgpics.chutography.com/UNH/R&D's%20Secret%20Lair.full.jpg
rabble_rouser.jpg	http://mtgpics.chutography.com/GP/Rabble-Rouser.full.jpg
rabid_elephant.jpg	http://mtgpics.chutography.com/OD/Rabid%20Elephant.full.jpg
rabid_rats.jpg	http://mtgpics.chutography.com/SH/Rabid%20Rats.full.jpg
rabid_wolverines.jpg	http://mtgpics.chutography.com/EX/Rabid%20Wolverines.full.jpg
rabid_wombat.jpg	http://mtgpics.chutography.com/5E/Rabid%20Wombat.full.jpg
rack_and_ruin.jpg	http://mtgpics.chutography.com/UL/Rack%20and%20Ruin.full.jpg
rackling.jpg	http://mtgpics.chutography.com/NE/Rackling.full.jpg
radha_heir_to_keld.jpg	http://mtgpics.chutography.com/PLC/Radha,%20Heir%20to%20Keld.full.jpg
radiant_archangel.jpg	http://mtgpics.chutography.com/UL/Radiant,%20Archangel.full.jpg
radiant_essence.jpg	http://mtgpics.chutography.com/MI/Radiant%20Essence.full.jpg
radiant_kavu.jpg	http://mtgpics.chutography.com/PS/Radiant%20Kavu.full.jpg
radiants_dragoons.jpg	http://mtgpics.chutography.com/UL/Radiant's%20Dragoons.full.jpg
radiants_judgment.jpg	http://mtgpics.chutography.com/UL/Radiant's%20Judgment.full.jpg
radiate.jpg	http://mtgpics.chutography.com/TO/Radiate.full.jpg
radjan_spirit.jpg	http://mtgpics.chutography.com/6E/Radjan%20Spirit.full.jpg
rafiq_of_the_many.jpg	http://mtgpics.chutography.com/ALA/Rafiq%20of%20the%20Many.full.jpg
rag_dealer.jpg	http://mtgpics.chutography.com/CHK/Rag%20Dealer.full.jpg
rag_man.jpg	http://mtgpics.chutography.com/7E/Rag%20Man.full.jpg
ragamuffyn.jpg	http://mtgpics.chutography.com/DIS/Ragamuffyn.full.jpg
rage_forger.jpg	http://mtgpics.chutography.com/MOR/Rage%20Forger.full.jpg
rage_reflection.jpg	http://mtgpics.chutography.com/SHM/Rage%20Reflection.full.jpg
rage_weaver.jpg	http://mtgpics.chutography.com/10E/Rage%20Weaver.full.jpg
ragged_veins.jpg	http://mtgpics.chutography.com/CHK/Ragged%20Veins.full.jpg
raging_bull.jpg	http://mtgpics.chutography.com/LG/Raging%20Bull.full.jpg
raging_cougar.jpg	http://mtgpics.chutography.com/PT/Raging%20Cougar.full.jpg
raging_goblin.jpg	http://mtgpics.chutography.com/M10/Raging%20Goblin.full.jpg
raging_gorilla.jpg	http://mtgpics.chutography.com/VI/Raging%20Gorilla.full.jpg
raging_kavu.jpg	http://mtgpics.chutography.com/IN/Raging%20Kavu.full.jpg
raging_minotaur.jpg	http://mtgpics.chutography.com/PT/Raging%20Minotaur.full.jpg
raging_river.jpg	http://mtgpics.chutography.com/U/Raging%20River.full.jpg
raging_spirit.jpg	http://mtgpics.chutography.com/MI/Raging%20Spirit.full.jpg
ragnar.jpg	http://mtgpics.chutography.com/LG/Ragnar.full.jpg
raiding_nightstalker.jpg	http://mtgpics.chutography.com/P2/Raiding%20Nightstalker.full.jpg
raiding_party.jpg	http://mtgpics.chutography.com/FE/Raiding%20Party.full.jpg
rain_of_blades.jpg	http://mtgpics.chutography.com/8E/Rain%20of%20Blades.full.jpg
rain_of_daggers.jpg	http://mtgpics.chutography.com/P2/Rain%20of%20Daggers.full.jpg
rain_of_embers.jpg	http://mtgpics.chutography.com/RAV/Rain%20of%20Embers.full.jpg
rain_of_filth.jpg	http://mtgpics.chutography.com/US/Rain%20of%20Filth.full.jpg
rain_of_gore.jpg	http://mtgpics.chutography.com/DIS/Rain%20of%20Gore.full.jpg
rain_of_rust.jpg	http://mtgpics.chutography.com/FD/Rain%20of%20Rust.full.jpg
rain_of_salt.jpg	http://mtgpics.chutography.com/PT/Rain%20of%20Salt.full.jpg
rain_of_tears.jpg	http://mtgpics.chutography.com/10E/Rain%20of%20Tears.full.jpg
rainbow_crow.jpg	http://mtgpics.chutography.com/IN/Rainbow%20Crow.full.jpg
rainbow_efreet.jpg	http://mtgpics.chutography.com/VI/Rainbow%20Efreet.full.jpg
rainbow_vale.jpg	http://mtgpics.chutography.com/FE/Rainbow%20Vale.full.jpg
raise_dead.jpg	http://mtgpics.chutography.com/9E/Raise%20Dead.full.jpg
raise_the_alarm.jpg	http://mtgpics.chutography.com/MR/Raise%20the%20Alarm.full.jpg
raka_disciple.jpg	http://mtgpics.chutography.com/AP/Raka%20Disciple.full.jpg
raka_sanctuary.jpg	http://mtgpics.chutography.com/AP/Raka%20Sanctuary.full.jpg
rakalite.jpg	http://mtgpics.chutography.com/CH/Rakalite.full.jpg
rakavolver.jpg	http://mtgpics.chutography.com/AP/Rakavolver.full.jpg
rakdos_augermage.jpg	http://mtgpics.chutography.com/DIS/Rakdos%20Augermage.full.jpg
rakdos_carnarium.jpg	http://mtgpics.chutography.com/DIS/Rakdos%20Carnarium.full.jpg
rakdos_guildmage.jpg	http://mtgpics.chutography.com/DIS/Rakdos%20Guildmage.full.jpg
rakdos_ickspitter.jpg	http://mtgpics.chutography.com/DIS/Rakdos%20Ickspitter.full.jpg
rakdos_pit_dragon.jpg	http://mtgpics.chutography.com/DIS/Rakdos%20Pit%20Dragon.full.jpg
rakdos_riteknife.jpg	http://mtgpics.chutography.com/DIS/Rakdos%20Riteknife.full.jpg
rakdos_signet.jpg	http://mtgpics.chutography.com/DIS/Rakdos%20Signet.full.jpg
rakdos_the_defiler.jpg	http://mtgpics.chutography.com/DIS/Rakdos%20the%20Defiler.full.jpg
rakeclaw_gargantuan.jpg	http://mtgpics.chutography.com/ALA/Rakeclaw%20Gargantuan.full.jpg
raking_canopy.jpg	http://mtgpics.chutography.com/SHM/Raking%20Canopy.full.jpg
rakka_mar.jpg	http://mtgpics.chutography.com/CFX/Rakka%20Mar.full.jpg
raksha_golden_cub.jpg	http://mtgpics.chutography.com/FD/Raksha%20Golden%20Cub.full.jpg
rally.jpg	http://mtgpics.chutography.com/IA/Rally.full.jpg
rally_the_horde.jpg	http://mtgpics.chutography.com/SOK/Rally%20The%20Horde.full.jpg
rally_the_righteous.jpg	http://mtgpics.chutography.com/RAV/Rally%20the%20Righteous.full.jpg
rally_the_troops.jpg	http://mtgpics.chutography.com/P3/Rally%20the%20Troops.full.jpg
ramirez_depietro.jpg	http://mtgpics.chutography.com/LG/Ramirez%20DePietro.full.jpg
ramosian_captain.jpg	http://mtgpics.chutography.com/MM/Ramosian%20Captain.full.jpg
ramosian_commander.jpg	http://mtgpics.chutography.com/MM/Ramosian%20Commander.full.jpg
ramosian_lieutenant.jpg	http://mtgpics.chutography.com/MM/Ramosian%20Lieutenant.full.jpg
ramosian_rally.jpg	http://mtgpics.chutography.com/MM/Ramosian%20Rally.full.jpg
ramosian_revivalist.jpg	http://mtgpics.chutography.com/FUT/Ramosian%20Revivalist.full.jpg
ramosian_sergeant.jpg	http://mtgpics.chutography.com/MM/Ramosian%20Sergeant.full.jpg
ramosian_sky_marshal.jpg	http://mtgpics.chutography.com/MM/Ramosian%20Sky%20Marshal.full.jpg
rampaging_baloths.jpg	http://pics.slightlymagic.net/ZEN/Rampaging%20Baloths.full.jpg
rampant_elephant.jpg	http://mtgpics.chutography.com/IN/Rampant%20Elephant.full.jpg
rampant_growth.jpg	http://mtgpics.chutography.com/M10/Rampant%20Growth.full.jpg
rampart_crawler.jpg	http://mtgpics.chutography.com/MM/Rampart%20Crawler.full.jpg
ramses_overdark.jpg	http://mtgpics.chutography.com/LG/Ramses%20Overdark.full.jpg
rancid_earth.jpg	http://mtgpics.chutography.com/TO/Rancid%20Earth.full.jpg
rancor.jpg	http://mtgpics.chutography.com/UL/Rancor.full.jpg
ranger_en_vec.jpg	http://mtgpics.chutography.com/TE/Ranger%20en-Vec.full.jpg
ranger_of_eos.jpg	http://mtgpics.chutography.com/ALA/Ranger%20of%20Eos.full.jpg
rank_and_file.jpg	http://mtgpics.chutography.com/UL/Rank%20and%20File.full.jpg
ransack.jpg	http://mtgpics.chutography.com/SH/Ransack.full.jpg
rapid_decay.jpg	http://mtgpics.chutography.com/UD/Rapid%20Decay.full.jpg
rapid_fire.jpg	http://mtgpics.chutography.com/LG/Rapid%20Fire.full.jpg
rappelling_scouts.jpg	http://mtgpics.chutography.com/MM/Rappelling%20Scouts.full.jpg
rare_b_gone.jpg	http://mtgpics.chutography.com/UNH/Rare-B-Gone.full.jpg
rashida_scalebane.jpg	http://mtgpics.chutography.com/MI/Rashida%20Scalebane.full.jpg
rashka_the_slayer.jpg	http://mtgpics.chutography.com/HL/Rashka%20the%20Slayer.full.jpg
rasputin_dreamweaver.jpg	http://mtgpics.chutography.com/LG/Rasputin%20Dreamweaver.full.jpg
ratcatcher.jpg	http://mtgpics.chutography.com/DIS/Ratcatcher.full.jpg
rathi_assassin.jpg	http://mtgpics.chutography.com/NE/Rathi%20Assassin.full.jpg
rathi_dragon.jpg	http://mtgpics.chutography.com/9E/Rathi%20Dragon.full.jpg
rathi_fiend.jpg	http://mtgpics.chutography.com/NE/Rathi%20Fiend.full.jpg
rathi_intimidator.jpg	http://mtgpics.chutography.com/NE/Rathi%20Intimidator.full.jpg
rathi_trapper.jpg	http://mtgpics.chutography.com/PLC/Rathi%20Trapper.full.jpg
raths_edge.jpg	http://mtgpics.chutography.com/NE/Rath's%20Edge.full.jpg
rats_feast.jpg	http://mtgpics.chutography.com/JU/Rats'%20Feast.full.jpg
rats_of_rath.jpg	http://mtgpics.chutography.com/TE/Rats%20of%20Rath.full.jpg
rattleblaze_scarecrow.jpg	http://mtgpics.chutography.com/SHM/Rattleblaze%20Scarecrow.full.jpg
ravaged_highlands.jpg	http://mtgpics.chutography.com/OD/Ravaged%20Highlands.full.jpg
ravages_of_war.jpg	http://mtgpics.chutography.com/P3/Ravages%20of%20War.full.jpg
ravaging_horde.jpg	http://mtgpics.chutography.com/P3/Ravaging%20Horde.full.jpg
ravaging_riftwurm.jpg	http://mtgpics.chutography.com/FUT/Ravaging%20Riftwurm.full.jpg
raven_familiar.jpg	http://mtgpics.chutography.com/UL/Raven%20Familiar.full.jpg
raven_guild_initiate.jpg	http://mtgpics.chutography.com/SC/Raven%20Guild%20Initiate.full.jpg
raven_guild_master.jpg	http://mtgpics.chutography.com/SC/Raven%20Guild%20Master.full.jpg
ravenous_baboons.jpg	http://mtgpics.chutography.com/EX/Ravenous%20Baboons.full.jpg
ravenous_baloth.jpg	http://mtgpics.chutography.com/ON/Ravenous%20Baloth.full.jpg
ravenous_rats.jpg	http://mtgpics.chutography.com/10E/Ravenous%20Rats.full.jpg
ravenous_skirge.jpg	http://mtgpics.chutography.com/US/Ravenous%20Skirge.full.jpg
ravenous_trap.jpg	http://pics.slightlymagic.net/ZEN/Ravenous%20Trap.full.jpg
ravenous_vampire.jpg	http://mtgpics.chutography.com/MI/Ravenous%20Vampire.full.jpg
ravens_crime.jpg	http://mtgpics.chutography.com/EVE/Raven's%20Crime.full.jpg
ravens_run_dragoon.jpg	http://mtgpics.chutography.com/SHM/Raven's%20Run%20Dragoon.full.jpg
raving_oni_slave.jpg	http://mtgpics.chutography.com/SOK/Raving%20Oni-Slave.full.jpg
ray_of_command.jpg	http://mtgpics.chutography.com/5E/Ray%20of%20Command.full.jpg
ray_of_distortion.jpg	http://mtgpics.chutography.com/OD/Ray%20of%20Distortion.full.jpg
ray_of_erasure.jpg	http://mtgpics.chutography.com/IA/Ray%20of%20Erasure.full.jpg
ray_of_revelation.jpg	http://mtgpics.chutography.com/JU/Ray%20of%20Revelation.full.jpg
rayne_academy_chancellor.jpg	http://mtgpics.chutography.com/UD/Rayne,%20Academy%20Chancellor.full.jpg
raze.jpg	http://mtgpics.chutography.com/US/Raze.full.jpg
razia_boros_archangel.jpg	http://mtgpics.chutography.com/HOP/Razia,%20Boros%20Archangel.full.jpg
razias_purification.jpg	http://mtgpics.chutography.com/RAV/Razia's%20Purification.full.jpg
razing_snidd.jpg	http://mtgpics.chutography.com/PS/Razing%20Snidd.full.jpg
razor_barrier.jpg	http://mtgpics.chutography.com/MR/Razor%20Barrier.full.jpg
razor_golem.jpg	http://mtgpics.chutography.com/DS/Razor%20Golem.full.jpg
razor_pendulum.jpg	http://mtgpics.chutography.com/MI/Razor%20Pendulum.full.jpg
razorclaw_bear.jpg	http://mtgpics.chutography.com/P2/Razorclaw%20Bear.full.jpg
razorfin_abolisher.jpg	http://mtgpics.chutography.com/EVE/Razorfin%20Abolisher.full.jpg
razorfin_hunter.jpg	http://mtgpics.chutography.com/AP/Razorfin%20Hunter.full.jpg
razorfoot_griffin.jpg	http://mtgpics.chutography.com/M10/Razorfoot%20Griffin.full.jpg
razorgrass_screen.jpg	http://mtgpics.chutography.com/FD/Razorgrass%20Screen.full.jpg
razorjaw_oni.jpg	http://mtgpics.chutography.com/SOK/Razorjaw%20Oni.full.jpg
razormane_masticore.jpg	http://mtgpics.chutography.com/10E/Razormane%20Masticore.full.jpg
razortooth_rats.jpg	http://mtgpics.chutography.com/9E/Razortooth%20Rats.full.jpg
reach_of_branches.jpg	http://mtgpics.chutography.com/MOR/Reach%20of%20Branches.full.jpg
reach_through_mists.jpg	http://mtgpics.chutography.com/CHK/Reach%20Through%20Mists.full.jpg
read_the_runes.jpg	http://mtgpics.chutography.com/ON/Read%20the%20Runes.full.jpg
reality_acid.jpg	http://mtgpics.chutography.com/PLC/Reality%20Acid.full.jpg
reality_anchor.jpg	http://mtgpics.chutography.com/TE/Reality%20Anchor.full.jpg
reality_ripple.jpg	http://mtgpics.chutography.com/MI/Reality%20Ripple.full.jpg
reality_strobe.jpg	http://mtgpics.chutography.com/FUT/Reality%20Strobe.full.jpg
reality_twist.jpg	http://mtgpics.chutography.com/IA/Reality%20Twist.full.jpg
realm_razer.jpg	http://mtgpics.chutography.com/ALA/Realm%20Razer.full.jpg
reanimate.jpg	http://mtgpics.chutography.com/TE/Reanimate.full.jpg
reap.jpg	http://mtgpics.chutography.com/TE/Reap.full.jpg
reap_and_sow.jpg	http://mtgpics.chutography.com/DS/Reap%20and%20Sow.full.jpg
reaper_king.jpg	http://mtgpics.chutography.com/SHM/Reaper%20King.full.jpg
reaping_the_graves.jpg	http://mtgpics.chutography.com/SC/Reaping%20the%20Graves.full.jpg
reaping_the_rewards.jpg	http://mtgpics.chutography.com/EX/Reaping%20the%20Rewards.full.jpg
rebel_informer.jpg	http://mtgpics.chutography.com/PY/Rebel%20Informer.full.jpg
rebellion_of_the_flamekin.jpg	http://mtgpics.chutography.com/LRW/Rebellion%20of%20the%20Flamekin.full.jpg
rebirth.jpg	http://mtgpics.chutography.com/4E/Rebirth.full.jpg
reborn_hero.jpg	http://mtgpics.chutography.com/TO/Reborn%20Hero.full.jpg
reborn_hope.jpg	http://mtgpics.chutography.com/ARB/Reborn%20Hope.full.jpg
rebound.jpg	http://mtgpics.chutography.com/SH/Rebound.full.jpg
rebuff_the_wicked.jpg	http://mtgpics.chutography.com/PLC/Rebuff%20the%20Wicked.full.jpg
rebuild.jpg	http://mtgpics.chutography.com/UL/Rebuild.full.jpg
rebuking_ceremony.jpg	http://mtgpics.chutography.com/DS/Rebuking%20Ceremony.full.jpg
recall.jpg	http://mtgpics.chutography.com/6E/Recall.full.jpg
recantation.jpg	http://mtgpics.chutography.com/US/Recantation.full.jpg
reciprocate.jpg	http://mtgpics.chutography.com/CHK/Reciprocate.full.jpg
reckless_abandon.jpg	http://mtgpics.chutography.com/UD/Reckless%20Abandon.full.jpg
reckless_assault.jpg	http://mtgpics.chutography.com/IN/Reckless%20Assault.full.jpg
reckless_charge.jpg	http://mtgpics.chutography.com/OD/Reckless%20Charge.full.jpg
reckless_embermage.jpg	http://mtgpics.chutography.com/7E/Reckless%20Embermage.full.jpg
reckless_ogre.jpg	http://mtgpics.chutography.com/EX/Reckless%20Ogre.full.jpg
reckless_one.jpg	http://mtgpics.chutography.com/ON/Reckless%20One.full.jpg
reckless_scholar.jpg	http://pics.slightlymagic.net/ZEN/Reckless%20Scholar.full.jpg
reckless_spite.jpg	http://mtgpics.chutography.com/IN/Reckless%20Spite.full.jpg
reckless_wurm.jpg	http://mtgpics.chutography.com/PLC/Reckless%20Wurm.full.jpg
reclaim.jpg	http://mtgpics.chutography.com/9E/Reclaim.full.jpg
reclamation.jpg	http://mtgpics.chutography.com/IA/Reclamation.full.jpg
reclusive_wight.jpg	http://mtgpics.chutography.com/US/Reclusive%20Wight.full.jpg
recoil.jpg	http://mtgpics.chutography.com/IN/Recoil.full.jpg
recollect.jpg	http://mtgpics.chutography.com/10E/Recollect.full.jpg
reconnaissance.jpg	http://mtgpics.chutography.com/EX/Reconnaissance.full.jpg
reconstruction.jpg	http://mtgpics.chutography.com/AQ/Reconstruction.full.jpg
recoup.jpg	http://mtgpics.chutography.com/OD/Recoup.full.jpg
recover.jpg	http://mtgpics.chutography.com/10E/Recover.full.jpg
recross_the_paths.jpg	http://mtgpics.chutography.com/MOR/Recross%20the%20Paths.full.jpg
recumbent_bliss.jpg	http://mtgpics.chutography.com/EVE/Recumbent%20Bliss.full.jpg
recuperate.jpg	http://mtgpics.chutography.com/SC/Recuperate.full.jpg
recurring_nightmare.jpg	http://mtgpics.chutography.com/EX/Recurring%20Nightmare.full.jpg
recycle.jpg	http://mtgpics.chutography.com/TE/Recycle.full.jpg
red_cliffs_armada.jpg	http://mtgpics.chutography.com/P3/Red%20Cliffs%20Armada.full.jpg
red_elemental_blast.jpg	http://mtgpics.chutography.com/4E/Red%20Elemental%20Blast.full.jpg
red_hot_hottie.jpg	http://mtgpics.chutography.com/UNH/Red-Hot%20Hottie.full.jpg
red_mana_battery.jpg	http://mtgpics.chutography.com/4E/Red%20Mana%20Battery.full.jpg
red_scarab.jpg	http://mtgpics.chutography.com/IA/Red%20Scarab.full.jpg
red_ward.jpg	http://mtgpics.chutography.com/4E/Red%20Ward.full.jpg
redeem.jpg	http://mtgpics.chutography.com/8E/Redeem.full.jpg
redeem_the_lost.jpg	http://mtgpics.chutography.com/MOR/Redeem%20the%20Lost.full.jpg
reduce_to_dreams.jpg	http://mtgpics.chutography.com/BOK/Reduce%20to%20Dreams.full.jpg
redwood_treefolk.jpg	http://mtgpics.chutography.com/7E/Redwood%20Treefolk.full.jpg
reef_pirates.jpg	http://mtgpics.chutography.com/5E/Reef%20Pirates.full.jpg
reef_shaman.jpg	http://mtgpics.chutography.com/AP/Reef%20Shaman.full.jpg
reflect_damage.jpg	http://mtgpics.chutography.com/MI/Reflect%20Damage.full.jpg
reflecting_mirror.jpg	http://mtgpics.chutography.com/DK/Reflecting%20Mirror.full.jpg
reflecting_pool.jpg	http://mtgpics.chutography.com/TE/Reflecting%20Pool.full.jpg
reflex_sliver.jpg	http://mtgpics.chutography.com/PLC/Reflex%20Sliver.full.jpg
reflexes.jpg	http://mtgpics.chutography.com/9E/Reflexes.full.jpg
refresh.jpg	http://mtgpics.chutography.com/OD/Refresh.full.jpg
refreshing_rain.jpg	http://mtgpics.chutography.com/NE/Refreshing%20Rain.full.jpg
regal_force.jpg	http://mtgpics.chutography.com/EVE/Regal%20Force.full.jpg
regal_unicorn.jpg	http://mtgpics.chutography.com/6E/Regal%20Unicorn.full.jpg
regenerate.jpg	http://mtgpics.chutography.com/M10/Regenerate.full.jpg
regeneration.jpg	http://mtgpics.chutography.com/10E/Regeneration.full.jpg
regress.jpg	http://mtgpics.chutography.com/MR/Regress.full.jpg
regrowth.jpg	http://mtgpics.chutography.com/U/Regrowth.full.jpg
reign_of_chaos.jpg	http://mtgpics.chutography.com/MI/Reign%20of%20Chaos.full.jpg
reign_of_terror.jpg	http://mtgpics.chutography.com/MI/Reign%20of%20Terror.full.jpg
reincarnation.jpg	http://mtgpics.chutography.com/LG/Reincarnation.full.jpg
reinforcements.jpg	http://mtgpics.chutography.com/CST/Reinforcements.full.jpg
reins_of_power.jpg	http://mtgpics.chutography.com/SH/Reins%20of%20Power.full.jpg
reins_of_the_vinesteed.jpg	http://mtgpics.chutography.com/MOR/Reins%20of%20the%20Vinesteed.full.jpg
reiterate.jpg	http://mtgpics.chutography.com/TSP/Reiterate.full.jpg
reito_lantern.jpg	http://mtgpics.chutography.com/CHK/Reito%20Lantern.full.jpg
reiver_demon.jpg	http://mtgpics.chutography.com/MR/Reiver%20Demon.full.jpg
rejuvenate.jpg	http://mtgpics.chutography.com/US/Rejuvenate.full.jpg
rejuvenation_chamber.jpg	http://mtgpics.chutography.com/NE/Rejuvenation%20Chamber.full.jpg
reki_the_history_of_kamigawa.jpg	http://mtgpics.chutography.com/SOK/Reki,%20the%20History%20of%20Kamigawa.full.jpg
rekindled_flame.jpg	http://mtgpics.chutography.com/EVE/Rekindled%20Flame.full.jpg
reknit.jpg	http://mtgpics.chutography.com/SHM/Reknit.full.jpg
relearn.jpg	http://mtgpics.chutography.com/6E/Relearn.full.jpg
release_the_ants.jpg	http://mtgpics.chutography.com/MOR/Release%20the%20Ants.full.jpg
relentless_assault.jpg	http://mtgpics.chutography.com/10E/Relentless%20Assault.full.jpg
relentless_rats.jpg	http://mtgpics.chutography.com/M10/Relentless%20Rats.full.jpg
relic_bane.jpg	http://mtgpics.chutography.com/MR/Relic%20Bane.full.jpg
relic_barrier.jpg	http://mtgpics.chutography.com/LG/Relic%20Barrier.full.jpg
relic_bind.jpg	http://mtgpics.chutography.com/LG/Relic%20Bind.full.jpg
relic_crush.jpg	http://pics.slightlymagic.net/ZEN/Relic%20Crush.full.jpg
relic_of_progenitus.jpg	http://mtgpics.chutography.com/ALA/Relic%20of%20Progenitus.full.jpg
relic_ward.jpg	http://mtgpics.chutography.com/VI/Relic%20Ward.full.jpg
reliquary_monk.jpg	http://mtgpics.chutography.com/UD/Reliquary%20Monk.full.jpg
reliquary_tower.jpg	http://mtgpics.chutography.com/CFX/Reliquary%20Tower.full.jpg
remand.jpg	http://mtgpics.chutography.com/RAV/Remand.full.jpg
remedy.jpg	http://mtgpics.chutography.com/6E/Remedy.full.jpg
remembrance.jpg	http://mtgpics.chutography.com/US/Remembrance.full.jpg
reminisce.jpg	http://mtgpics.chutography.com/10E/Reminisce.full.jpg
remodel.jpg	http://mtgpics.chutography.com/UNH/Remodel.full.jpg
remote_farm.jpg	http://mtgpics.chutography.com/MM/Remote%20Farm.full.jpg
remote_isle.jpg	http://mtgpics.chutography.com/BD/Remote%20Isle.full.jpg
remove.jpg	http://mtgpics.chutography.com/P2/Remove.full.jpg
remove_enchantments.jpg	http://mtgpics.chutography.com/LG/Remove%20Enchantments.full.jpg
remove_soul.jpg	http://mtgpics.chutography.com/10E/Remove%20Soul.full.jpg
rend_flesh.jpg	http://mtgpics.chutography.com/CHK/Rend%20Flesh.full.jpg
rend_spirit.jpg	http://mtgpics.chutography.com/CHK/Rend%20Spirit.full.jpg
rendclaw_trow.jpg	http://mtgpics.chutography.com/EVE/Rendclaw%20Trow.full.jpg
rending_vines.jpg	http://mtgpics.chutography.com/SOK/Rending%20Vines.full.jpg
renegade_troops.jpg	http://mtgpics.chutography.com/P3/Renegade%20Troops.full.jpg
renegade_warlord.jpg	http://mtgpics.chutography.com/TE/Renegade%20Warlord.full.jpg
renewal.jpg	http://mtgpics.chutography.com/HL/Renewal.full.jpg
renewed_faith.jpg	http://mtgpics.chutography.com/ON/Renewed%20Faith.full.jpg
renewing_dawn.jpg	http://mtgpics.chutography.com/PT/Renewing%20Dawn.full.jpg
renewing_touch.jpg	http://mtgpics.chutography.com/ST/Renewing%20Touch.full.jpg
renounce.jpg	http://mtgpics.chutography.com/MM/Renounce.full.jpg
reparations.jpg	http://mtgpics.chutography.com/MI/Reparations.full.jpg
repeal.jpg	http://mtgpics.chutography.com/GP/Repeal.full.jpg
repel.jpg	http://mtgpics.chutography.com/OD/Repel.full.jpg
repel_intruders.jpg	http://mtgpics.chutography.com/SHM/Repel%20Intruders.full.jpg
repentance.jpg	http://mtgpics.chutography.com/TE/Repentance.full.jpg
repentant_blacksmith.jpg	http://mtgpics.chutography.com/5E/Repentant%20Blacksmith.full.jpg
repentant_vampire.jpg	http://mtgpics.chutography.com/OD/Repentant%20Vampire.full.jpg
repercussion.jpg	http://mtgpics.chutography.com/UD/Repercussion.full.jpg
replenish.jpg	http://mtgpics.chutography.com/UD/Replenish.full.jpg
repopulate.jpg	http://mtgpics.chutography.com/UL/Repopulate.full.jpg
reprisal.jpg	http://mtgpics.chutography.com/7E/Reprisal.full.jpg
reprocess.jpg	http://mtgpics.chutography.com/7E/Reprocess.full.jpg
repulse.jpg	http://mtgpics.chutography.com/IN/Repulse.full.jpg
reroute.jpg	http://mtgpics.chutography.com/RAV/Reroute.full.jpg
rescind.jpg	http://mtgpics.chutography.com/US/Rescind.full.jpg
rescue.jpg	http://mtgpics.chutography.com/UD/Rescue.full.jpg
research_the_deep.jpg	http://mtgpics.chutography.com/MOR/Research%20the%20Deep.full.jpg
researchdevelopment.jpg	http://mtgpics.chutography.com/DIS/ResearchDevelopment.full.jpg
reset.jpg	http://mtgpics.chutography.com/LG/Reset.full.jpg
reshape.jpg	http://mtgpics.chutography.com/DS/Reshape.full.jpg
resilient_wanderer.jpg	http://mtgpics.chutography.com/OD/Resilient%20Wanderer.full.jpg
resistance_fighter.jpg	http://mtgpics.chutography.com/6E/Resistance%20Fighter.full.jpg
resize.jpg	http://mtgpics.chutography.com/CS/Resize.full.jpg
resounding_roar.jpg	http://mtgpics.chutography.com/ALA/Resounding%20Roar.full.jpg
resounding_scream.jpg	http://mtgpics.chutography.com/ALA/Resounding%20Scream.full.jpg
resounding_silence.jpg	http://mtgpics.chutography.com/ALA/Resounding%20Silence.full.jpg
resounding_thunder.jpg	http://mtgpics.chutography.com/ALA/Resounding%20Thunder.full.jpg
resounding_wave.jpg	http://mtgpics.chutography.com/ALA/Resounding%20Wave.full.jpg
respite.jpg	http://mtgpics.chutography.com/TE/Respite.full.jpg
resplendent_mentor.jpg	http://mtgpics.chutography.com/SHM/Resplendent%20Mentor.full.jpg
restless_apparition.jpg	http://mtgpics.chutography.com/EVE/Restless%20Apparition.full.jpg
restless_bones.jpg	http://mtgpics.chutography.com/GP/Restless%20Bones.full.jpg
restless_dead.jpg	http://mtgpics.chutography.com/MI/Restless%20Dead.full.jpg
restless_dreams.jpg	http://mtgpics.chutography.com/TO/Restless%20Dreams.full.jpg
restock.jpg	http://mtgpics.chutography.com/IN/Restock.full.jpg
restore_balance.jpg	http://mtgpics.chutography.com/TSP/Restore%20Balance.full.jpg
restrain.jpg	http://mtgpics.chutography.com/IN/Restrain.full.jpg
resurrection.jpg	http://mtgpics.chutography.com/U/Resurrection.full.jpg
resuscitate.jpg	http://mtgpics.chutography.com/EX/Resuscitate.full.jpg
retaliate.jpg	http://mtgpics.chutography.com/FD/Retaliate.full.jpg
retaliation.jpg	http://mtgpics.chutography.com/US/Retaliation.full.jpg
retaliator_griffin.jpg	http://mtgpics.chutography.com/ARB/Retaliator%20Griffin.full.jpg
retether.jpg	http://mtgpics.chutography.com/PLC/Retether.full.jpg
rethink.jpg	http://mtgpics.chutography.com/PY/Rethink.full.jpg
retraced_image.jpg	http://mtgpics.chutography.com/TO/Retraced%20Image.full.jpg
retract.jpg	http://mtgpics.chutography.com/DS/Retract.full.jpg
retribution.jpg	http://mtgpics.chutography.com/HL/Retribution.full.jpg
retribution_of_the_meek.jpg	http://mtgpics.chutography.com/VI/Retribution%20of%20the%20Meek.full.jpg
retromancer.jpg	http://mtgpics.chutography.com/US/Retromancer.full.jpg
return_of_the_nightstalkers.jpg	http://mtgpics.chutography.com/P2/Return%20of%20the%20Nightstalkers.full.jpg
return_to_battle.jpg	http://mtgpics.chutography.com/P3/Return%20to%20Battle.full.jpg
return_to_dust.jpg	http://mtgpics.chutography.com/TSP/Return%20to%20Dust.full.jpg
reveillark.jpg	http://mtgpics.chutography.com/MOR/Reveillark.full.jpg
reveille_squad.jpg	http://mtgpics.chutography.com/PY/Reveille%20Squad.full.jpg
reveka_wizard_savant.jpg	http://mtgpics.chutography.com/HL/Reveka,%20Wizard%20Savant.full.jpg
revelation.jpg	http://mtgpics.chutography.com/LG/Revelation.full.jpg
revelsong_horn.jpg	http://mtgpics.chutography.com/SHM/Revelsong%20Horn.full.jpg
revenant.jpg	http://mtgpics.chutography.com/7E/Revenant.full.jpg
revenant_patriarch.jpg	http://mtgpics.chutography.com/GP/Revenant%20Patriarch.full.jpg
reverberation.jpg	http://mtgpics.chutography.com/LG/Reverberation.full.jpg
revered_dead.jpg	http://mtgpics.chutography.com/PLC/Revered%20Dead.full.jpg
revered_elder.jpg	http://mtgpics.chutography.com/MM/Revered%20Elder.full.jpg
revered_unicorn.jpg	http://mtgpics.chutography.com/WL/Revered%20Unicorn.full.jpg
reverence.jpg	http://mtgpics.chutography.com/SOK/Reverence.full.jpg
reverent_mantra.jpg	http://mtgpics.chutography.com/MM/Reverent%20Mantra.full.jpg
reverent_silence.jpg	http://mtgpics.chutography.com/NE/Reverent%20Silence.full.jpg
reversal_of_fortune.jpg	http://mtgpics.chutography.com/FD/Reversal%20of%20Fortune.full.jpg
reverse_damage.jpg	http://mtgpics.chutography.com/9E/Reverse%20Damage.full.jpg
reverse_polarity.jpg	http://mtgpics.chutography.com/AQ/Reverse%20Polarity.full.jpg
reverse_the_sands.jpg	http://mtgpics.chutography.com/CHK/Reverse%20the%20Sands.full.jpg
revive.jpg	http://mtgpics.chutography.com/8E/Revive.full.jpg
revive_the_fallen.jpg	http://mtgpics.chutography.com/MOR/Revive%20the%20Fallen.full.jpg
reviving_dose.jpg	http://mtgpics.chutography.com/10E/Reviving%20Dose.full.jpg
reviving_vapors.jpg	http://mtgpics.chutography.com/IN/Reviving%20Vapors.full.jpg
reward_the_faithful.jpg	http://mtgpics.chutography.com/SC/Reward%20the%20Faithful.full.jpg
rewards_of_diversity.jpg	http://mtgpics.chutography.com/IN/Rewards%20of%20Diversity.full.jpg
reweave.jpg	http://mtgpics.chutography.com/CHK/Reweave.full.jpg
rewind.jpg	http://mtgpics.chutography.com/9E/Rewind.full.jpg
reya_dawnbringer.jpg	http://mtgpics.chutography.com/10E/Reya%20Dawnbringer.full.jpg
rhox.jpg	http://mtgpics.chutography.com/10E/Rhox.full.jpg
rhox_bodyguard.jpg	http://mtgpics.chutography.com/CFX/Rhox%20Bodyguard.full.jpg
rhox_brute.jpg	http://mtgpics.chutography.com/ARB/Rhox%20Brute.full.jpg
rhox_charger.jpg	http://mtgpics.chutography.com/ALA/Rhox%20Charger.full.jpg
rhox_meditant.jpg	http://mtgpics.chutography.com/CFX/Rhox%20Meditant.full.jpg
rhox_pikemaster.jpg	http://mtgpics.chutography.com/M10/Rhox%20Pikemaster.full.jpg
rhox_war_monk.jpg	http://mtgpics.chutography.com/ALA/Rhox%20War%20Monk.full.jpg
rhys_the_exiled.jpg	http://mtgpics.chutography.com/MOR/Rhys%20the%20Exiled.full.jpg
rhys_the_redeemed.jpg	http://mtgpics.chutography.com/SHM/Rhys%20the%20Redeemed.full.jpg
rhystic_cave.jpg	http://mtgpics.chutography.com/PY/Rhystic%20Cave.full.jpg
rhystic_circle.jpg	http://mtgpics.chutography.com/PY/Rhystic%20Circle.full.jpg
rhystic_deluge.jpg	http://mtgpics.chutography.com/PY/Rhystic%20Deluge.full.jpg
rhystic_lightning.jpg	http://mtgpics.chutography.com/PY/Rhystic%20Lightning.full.jpg
rhystic_scrying.jpg	http://mtgpics.chutography.com/PY/Rhystic%20Scrying.full.jpg
rhystic_shield.jpg	http://mtgpics.chutography.com/PY/Rhystic%20Shield.full.jpg
rhystic_study.jpg	http://mtgpics.chutography.com/PY/Rhystic%20Study.full.jpg
rhystic_syphon.jpg	http://mtgpics.chutography.com/PY/Rhystic%20Syphon.full.jpg
rhystic_tutor.jpg	http://mtgpics.chutography.com/PY/Rhystic%20Tutor.full.jpg
rib_cage_spider.jpg	http://mtgpics.chutography.com/PY/Rib%20Cage%20Spider.full.jpg
ribbon_snake.jpg	http://mtgpics.chutography.com/PY/Ribbon%20Snake.full.jpg
ribbons_of_night.jpg	http://mtgpics.chutography.com/RAV/Ribbons%20of%20Night.full.jpg
ribbons_of_the_reikai.jpg	http://mtgpics.chutography.com/BOK/Ribbons%20of%20the%20Reikai.full.jpg
richard_garfield_ph.d..jpg	http://mtgpics.chutography.com/UNH/Richard%20Garfield,%20Ph.D..full.jpg
ricochet.jpg	http://mtgpics.chutography.com/UG/Ricochet.full.jpg
riddle_of_lightning.jpg	http://mtgpics.chutography.com/FUT/Riddle%20of%20Lightning.full.jpg
ridge_rannet.jpg	http://mtgpics.chutography.com/ALA/Ridge%20Rannet.full.jpg
ridged_kusite.jpg	http://mtgpics.chutography.com/PLC/Ridged%20Kusite.full.jpg
ridgeline_rager.jpg	http://mtgpics.chutography.com/8E/Ridgeline%20Rager.full.jpg
ridgetop_raptor.jpg	http://mtgpics.chutography.com/LE/Ridgetop%20Raptor.full.jpg
riding_red_hare.jpg	http://mtgpics.chutography.com/P3/Riding%20Red%20Hare.full.jpg
riding_the_dilu_horse.jpg	http://mtgpics.chutography.com/P3/Riding%20the%20Dilu%20Horse.full.jpg
rift_bolt.jpg	http://mtgpics.chutography.com/TSP/Rift%20Bolt.full.jpg
rift_elemental.jpg	http://mtgpics.chutography.com/FUT/Rift%20Elemental.full.jpg
riftmarked_knight.jpg	http://mtgpics.chutography.com/PLC/Riftmarked%20Knight.full.jpg
riftstone_portal.jpg	http://mtgpics.chutography.com/JU/Riftstone%20Portal.full.jpg
riftsweeper.jpg	http://mtgpics.chutography.com/FUT/Riftsweeper.full.jpg
riftwing_cloudskate.jpg	http://mtgpics.chutography.com/TSP/Riftwing%20Cloudskate.full.jpg
righteous_aura.jpg	http://mtgpics.chutography.com/MM/Righteous%20Aura.full.jpg
righteous_avengers.jpg	http://mtgpics.chutography.com/LG/Righteous%20Avengers.full.jpg
righteous_cause.jpg	http://mtgpics.chutography.com/ON/Righteous%20Cause.full.jpg
righteous_charge.jpg	http://mtgpics.chutography.com/ST/Righteous%20Charge.full.jpg
righteous_fury.jpg	http://mtgpics.chutography.com/ST/Righteous%20Fury.full.jpg
righteous_indignation.jpg	http://mtgpics.chutography.com/MM/Righteous%20Indignation.full.jpg
righteous_war.jpg	http://mtgpics.chutography.com/VI/Righteous%20War.full.jpg
righteousness.jpg	http://mtgpics.chutography.com/M10/Righteousness.full.jpg
rime_dryad.jpg	http://mtgpics.chutography.com/IA/Rime%20Dryad.full.jpg
rime_transfusion.jpg	http://mtgpics.chutography.com/CS/Rime%20Transfusion.full.jpg
rimebound_dead.jpg	http://mtgpics.chutography.com/CS/Rimebound%20Dead.full.jpg
rimefeather_owl.jpg	http://mtgpics.chutography.com/CS/Rimefeather%20Owl.full.jpg
rimehorn_aurochs.jpg	http://mtgpics.chutography.com/CS/Rimehorn%20Aurochs.full.jpg
rimescale_dragon.jpg	http://mtgpics.chutography.com/CS/Rimescale%20Dragon.full.jpg
rimewind_cryomancer.jpg	http://mtgpics.chutography.com/CS/Rimewind%20Cryomancer.full.jpg
rimewind_taskmage.jpg	http://mtgpics.chutography.com/CS/Rimewind%20Taskmage.full.jpg
ring_of_gix.jpg	http://mtgpics.chutography.com/UL/Ring%20of%20Gix.full.jpg
ring_of_immortals.jpg	http://mtgpics.chutography.com/LG/Ring%20of%20Immortals.full.jpg
ring_of_maruf.jpg	http://mtgpics.chutography.com/AN/Ring%20of%20Ma'ruf.full.jpg
ring_of_renewal.jpg	http://mtgpics.chutography.com/FE/Ring%20of%20Renewal.full.jpg
rings_of_brighthearth.jpg	http://mtgpics.chutography.com/LRW/Rings%20of%20Brighthearth.full.jpg
ringskipper.jpg	http://mtgpics.chutography.com/LRW/Ringskipper.full.jpg
riot_spikes.jpg	http://mtgpics.chutography.com/DIS/Riot%20Spikes.full.jpg
rip_clan_crasher.jpg	http://mtgpics.chutography.com/ALA/Rip-Clan%20Crasher.full.jpg
riptide.jpg	http://mtgpics.chutography.com/DK/Riptide.full.jpg
riptide_biologist.jpg	http://mtgpics.chutography.com/ON/Riptide%20Biologist.full.jpg
riptide_chronologist.jpg	http://mtgpics.chutography.com/ON/Riptide%20Chronologist.full.jpg
riptide_crab.jpg	http://mtgpics.chutography.com/IN/Riptide%20Crab.full.jpg
riptide_director.jpg	http://mtgpics.chutography.com/LE/Riptide%20Director.full.jpg
riptide_entrancer.jpg	http://mtgpics.chutography.com/ON/Riptide%20Entrancer.full.jpg
riptide_laboratory.jpg	http://mtgpics.chutography.com/ON/Riptide%20Laboratory.full.jpg
riptide_mangler.jpg	http://mtgpics.chutography.com/LE/Riptide%20Mangler.full.jpg
riptide_pilferer.jpg	http://mtgpics.chutography.com/PLC/Riptide%20Pilferer.full.jpg
riptide_replicator.jpg	http://mtgpics.chutography.com/ON/Riptide%20Replicator.full.jpg
riptide_shapeshifter.jpg	http://mtgpics.chutography.com/ON/Riptide%20Shapeshifter.full.jpg
riptide_survivor.jpg	http://mtgpics.chutography.com/SC/Riptide%20Survivor.full.jpg
rise_from_the_grave.jpg	http://mtgpics.chutography.com/M10/Rise%20from%20the%20Grave.full.jpg
rise_of_the_hobgoblins.jpg	http://mtgpics.chutography.com/EVE/Rise%20of%20the%20Hobgoblins.full.jpg
risefall.jpg	http://mtgpics.chutography.com/DIS/RiseFall.full.jpg
rishadan_airship.jpg	http://mtgpics.chutography.com/MM/Rishadan%20Airship.full.jpg
rishadan_brigand.jpg	http://mtgpics.chutography.com/MM/Rishadan%20Brigand.full.jpg
rishadan_cutpurse.jpg	http://mtgpics.chutography.com/MM/Rishadan%20Cutpurse.full.jpg
rishadan_footpad.jpg	http://mtgpics.chutography.com/MM/Rishadan%20Footpad.full.jpg
rishadan_pawnshop.jpg	http://mtgpics.chutography.com/MM/Rishadan%20Pawnshop.full.jpg
rishadan_port.jpg	http://mtgpics.chutography.com/MM/Rishadan%20Port.full.jpg
rising_waters.jpg	http://mtgpics.chutography.com/NE/Rising%20Waters.full.jpg
risky_move.jpg	http://mtgpics.chutography.com/ON/Risky%20Move.full.jpg
rite_of_consumption.jpg	http://mtgpics.chutography.com/SHM/Rite%20of%20Consumption.full.jpg
rite_of_flame.jpg	http://mtgpics.chutography.com/CS/Rite%20of%20Flame.full.jpg
rite_of_passage.jpg	http://mtgpics.chutography.com/FD/Rite%20of%20Passage.full.jpg
rite_of_replication.jpg	http://pics.slightlymagic.net/ZEN/Rite%20of%20Replication.full.jpg
rites_of_flourishing.jpg	http://mtgpics.chutography.com/FUT/Rites%20of%20Flourishing.full.jpg
rites_of_initiation.jpg	http://mtgpics.chutography.com/OD/Rites%20of%20Initiation.full.jpg
rites_of_refusal.jpg	http://mtgpics.chutography.com/OD/Rites%20of%20Refusal.full.jpg
rites_of_spring.jpg	http://mtgpics.chutography.com/OD/Rites%20of%20Spring.full.jpg
rith_the_awakener.jpg	http://mtgpics.chutography.com/IN/Rith,%20the%20Awakener.full.jpg
riths_attendant.jpg	http://mtgpics.chutography.com/IN/Rith's%20Attendant.full.jpg
riths_charm.jpg	http://mtgpics.chutography.com/PS/Rith's%20Charm.full.jpg
riths_grove.jpg	http://mtgpics.chutography.com/PS/Rith's%20Grove.full.jpg
ritual_of_restoration.jpg	http://mtgpics.chutography.com/DS/Ritual%20of%20Restoration.full.jpg
ritual_of_steel.jpg	http://mtgpics.chutography.com/MI/Ritual%20of%20Steel.full.jpg
ritual_of_subdual.jpg	http://mtgpics.chutography.com/IA/Ritual%20of%20Subdual.full.jpg
ritual_of_the_machine.jpg	http://mtgpics.chutography.com/AL/Ritual%20of%20the%20Machine.full.jpg
rivalry.jpg	http://mtgpics.chutography.com/UL/Rivalry.full.jpg
rivals_duel.jpg	http://mtgpics.chutography.com/MOR/Rivals'%20Duel.full.jpg
riven_turnbull.jpg	http://mtgpics.chutography.com/LG/Riven%20Turnbull.full.jpg
river_bear.jpg	http://mtgpics.chutography.com/9E/River%20Bear.full.jpg
river_boa.jpg	http://mtgpics.chutography.com/6E/River%20Boa.full.jpg
river_delta.jpg	http://mtgpics.chutography.com/IA/River%20Delta.full.jpg
river_kaijin.jpg	http://mtgpics.chutography.com/CHK/River%20Kaijin.full.jpg
river_kelpie.jpg	http://mtgpics.chutography.com/SHM/River%20Kelpie.full.jpg
river_merfolk.jpg	http://mtgpics.chutography.com/FE/River%20Merfolk.full.jpg
river_of_tears.jpg	http://mtgpics.chutography.com/FUT/River%20of%20Tears.full.jpg
riverfall_mimic.jpg	http://mtgpics.chutography.com/EVE/Riverfall%20Mimic.full.jpg
rivers_grasp.jpg	http://mtgpics.chutography.com/SHM/River's%20Grasp.full.jpg
rix_maadi_dungeon_palace.jpg	http://mtgpics.chutography.com/DIS/Rix%20Maadi,%20Dungeon%20Palace.full.jpg
roar_of_jukai.jpg	http://mtgpics.chutography.com/BOK/Roar%20of%20Jukai.full.jpg
roar_of_reclamation.jpg	http://mtgpics.chutography.com/FD/Roar%20of%20Reclamation.full.jpg
roar_of_the_crowd.jpg	http://mtgpics.chutography.com/MOR/Roar%20of%20the%20Crowd.full.jpg
roar_of_the_kha.jpg	http://mtgpics.chutography.com/MR/Roar%20of%20the%20Kha.full.jpg
roar_of_the_wurm.jpg	http://mtgpics.chutography.com/OD/Roar%20of%20the%20Wurm.full.jpg
roaring_slagwurm.jpg	http://mtgpics.chutography.com/DS/Roaring%20Slagwurm.full.jpg
robber_fly.jpg	http://mtgpics.chutography.com/MM/Robber%20Fly.full.jpg
robe_of_mirrors.jpg	http://mtgpics.chutography.com/10E/Robe%20of%20Mirrors.full.jpg
roc_hatchling.jpg	http://mtgpics.chutography.com/WL/Roc%20Hatchling.full.jpg
roc_of_kher_ridges.jpg	http://mtgpics.chutography.com/U/Roc%20of%20Kher%20Ridges.full.jpg
rock_badger.jpg	http://mtgpics.chutography.com/10E/Rock%20Badger.full.jpg
rock_basilisk.jpg	http://mtgpics.chutography.com/MI/Rock%20Basilisk.full.jpg
rock_hydra.jpg	http://mtgpics.chutography.com/U/Rock%20Hydra.full.jpg
rock_jockey.jpg	http://mtgpics.chutography.com/SC/Rock%20Jockey.full.jpg
rock_lobster.jpg	http://mtgpics.chutography.com/UG/Rock%20Lobster.full.jpg
rock_slide.jpg	http://mtgpics.chutography.com/VI/Rock%20Slide.full.jpg
rockcaster_platoon.jpg	http://mtgpics.chutography.com/ALA/Rockcaster%20Platoon.full.jpg
rocket_launcher.jpg	http://mtgpics.chutography.com/AQ/Rocket%20Launcher.full.jpg
rocket_powered_turbo_slug.jpg	http://mtgpics.chutography.com/UNH/Rocket-Powered%20Turbo%20Slug.full.jpg
rockshard_elemental.jpg	http://mtgpics.chutography.com/LE/Rockshard%20Elemental.full.jpg
rockslide_ambush.jpg	http://mtgpics.chutography.com/P3/Rockslide%20Ambush.full.jpg
rockslide_elemental.jpg	http://mtgpics.chutography.com/ALA/Rockslide%20Elemental.full.jpg
rocky_tar_pit.jpg	http://mtgpics.chutography.com/MI/Rocky%20Tar%20Pit.full.jpg
rod_of_ruin.jpg	http://mtgpics.chutography.com/M10/Rod%20of%20Ruin.full.jpg
rod_of_spanking.jpg	http://mtgpics.chutography.com/UNH/Rod%20of%20Spanking.full.jpg
rofellos.jpg	http://mtgpics.chutography.com/VG/Rofellos.full.jpg
rofellos_llanowar_emissary.jpg	http://mtgpics.chutography.com/UD/Rofellos,%20Llanowar%20Emissary.full.jpg
rofelloss_gift.jpg	http://mtgpics.chutography.com/UD/Rofellos's%20Gift.full.jpg
rogue_elephant.jpg	http://mtgpics.chutography.com/WL/Rogue%20Elephant.full.jpg
rogue_kavu.jpg	http://mtgpics.chutography.com/IN/Rogue%20Kavu.full.jpg
rogue_skycaptain.jpg	http://mtgpics.chutography.com/AL/Rogue%20Skycaptain.full.jpg
rohgahh_of_kher_keep.jpg	http://mtgpics.chutography.com/LG/Rohgahh%20of%20Kher%20Keep.full.jpg
roil_elemental.jpg	http://pics.slightlymagic.net/ZEN/Roil%20Elemental.full.jpg
roiling_horror.jpg	http://mtgpics.chutography.com/PLC/Roiling%20Horror.full.jpg
rolling_earthquake.jpg	http://mtgpics.chutography.com/P3/Rolling%20Earthquake.full.jpg
rolling_spoil.jpg	http://mtgpics.chutography.com/RAV/Rolling%20Spoil.full.jpg
rolling_stones.jpg	http://mtgpics.chutography.com/8E/Rolling%20Stones.full.jpg
rolling_thunder.jpg	http://mtgpics.chutography.com/TE/Rolling%20Thunder.full.jpg
ronin_cavekeeper.jpg	http://mtgpics.chutography.com/SOK/Ronin%20Cavekeeper.full.jpg
ronin_cliffrider.jpg	http://mtgpics.chutography.com/BOK/Ronin%20Cliffrider.full.jpg
ronin_houndmaster.jpg	http://mtgpics.chutography.com/CHK/Ronin%20Houndmaster.full.jpg
ronin_warclub.jpg	http://mtgpics.chutography.com/BOK/Ronin%20Warclub.full.jpg
ronom_hulk.jpg	http://mtgpics.chutography.com/CS/Ronom%20Hulk.full.jpg
ronom_serpent.jpg	http://mtgpics.chutography.com/CS/Ronom%20Serpent.full.jpg
ronom_unicorn.jpg	http://mtgpics.chutography.com/CS/Ronom%20Unicorn.full.jpg
roofstalker_wight.jpg	http://mtgpics.chutography.com/RAV/Roofstalker%20Wight.full.jpg
root_cage.jpg	http://mtgpics.chutography.com/PY/Root%20Cage.full.jpg
root_elemental.jpg	http://mtgpics.chutography.com/SC/Root%20Elemental.full.jpg
root_greevil.jpg	http://mtgpics.chutography.com/PS/Root%20Greevil.full.jpg
root_kin_ally.jpg	http://mtgpics.chutography.com/RAV/Root-Kin%20Ally.full.jpg
root_maze.jpg	http://mtgpics.chutography.com/10E/Root%20Maze.full.jpg
root_sliver.jpg	http://mtgpics.chutography.com/LE/Root%20Sliver.full.jpg
root_spider.jpg	http://mtgpics.chutography.com/HL/Root%20Spider.full.jpg
rootbound_crag.jpg	http://mtgpics.chutography.com/M10/Rootbound%20Crag.full.jpg
rootbreaker_wurm.jpg	http://mtgpics.chutography.com/9E/Rootbreaker%20Wurm.full.jpg
rootgrapple.jpg	http://mtgpics.chutography.com/LRW/Rootgrapple.full.jpg
rooting_kavu.jpg	http://mtgpics.chutography.com/IN/Rooting%20Kavu.full.jpg
rootrunner.jpg	http://mtgpics.chutography.com/CHK/Rootrunner.full.jpg
roots.jpg	http://mtgpics.chutography.com/HL/Roots.full.jpg
roots_of_life.jpg	http://mtgpics.chutography.com/MI/Roots%20of%20Life.full.jpg
rootwalla.jpg	http://mtgpics.chutography.com/10E/Rootwalla.full.jpg
rootwater_alligator.jpg	http://mtgpics.chutography.com/EX/Rootwater%20Alligator.full.jpg
rootwater_commando.jpg	http://mtgpics.chutography.com/10E/Rootwater%20Commando.full.jpg
rootwater_depths.jpg	http://mtgpics.chutography.com/TE/Rootwater%20Depths.full.jpg
rootwater_diver.jpg	http://mtgpics.chutography.com/TE/Rootwater%20Diver.full.jpg
rootwater_hunter.jpg	http://mtgpics.chutography.com/TE/Rootwater%20Hunter.full.jpg
rootwater_matriarch.jpg	http://mtgpics.chutography.com/10E/Rootwater%20Matriarch.full.jpg
rootwater_mystic.jpg	http://mtgpics.chutography.com/EX/Rootwater%20Mystic.full.jpg
rootwater_shaman.jpg	http://mtgpics.chutography.com/TE/Rootwater%20Shaman.full.jpg
rootwater_thief.jpg	http://mtgpics.chutography.com/NE/Rootwater%20Thief.full.jpg
rorix_bladewing.jpg	http://mtgpics.chutography.com/HOP/Rorix%20Bladewing.full.jpg
rosheen_meanderer.jpg	http://mtgpics.chutography.com/SHM/Rosheen%20Meanderer.full.jpg
roterothopter.jpg	http://mtgpics.chutography.com/HL/Roterothopter.full.jpg
rotlung_reanimator.jpg	http://mtgpics.chutography.com/ON/Rotlung%20Reanimator.full.jpg
rotting_giant.jpg	http://mtgpics.chutography.com/OD/Rotting%20Giant.full.jpg
rotting_rats.jpg	http://mtgpics.chutography.com/CFX/Rotting%20Rats.full.jpg
roughshod_mentor.jpg	http://mtgpics.chutography.com/SHM/Roughshod%20Mentor.full.jpg
roughtumble.jpg	http://mtgpics.chutography.com/PLC/RoughTumble.full.jpg
rouse.jpg	http://mtgpics.chutography.com/MM/Rouse.full.jpg
rout.jpg	http://mtgpics.chutography.com/IN/Rout.full.jpg
rowan_treefolk.jpg	http://mtgpics.chutography.com/PT/Rowan%20Treefolk.full.jpg
rowen.jpg	http://mtgpics.chutography.com/7E/Rowen.full.jpg
royal_assassin.jpg	http://mtgpics.chutography.com/M10/Royal%20Assassin.full.jpg
royal_decree.jpg	http://mtgpics.chutography.com/AL/Royal%20Decree.full.jpg
royal_falcon.jpg	http://mtgpics.chutography.com/ST/Royal%20Falcon.full.jpg
royal_herbalist.jpg	http://mtgpics.chutography.com/AL/Royal%20Herbalist1.full.jpg
royal_trooper.jpg	http://mtgpics.chutography.com/ST/Royal%20Trooper.full.jpg
rubinia_soulsinger.jpg	http://mtgpics.chutography.com/LG/Rubinia%20Soulsinger.full.jpg
ruby_leech.jpg	http://mtgpics.chutography.com/IN/Ruby%20Leech.full.jpg
ruby_medallion.jpg	http://mtgpics.chutography.com/TE/Ruby%20Medallion.full.jpg
rude_awakening.jpg	http://mtgpics.chutography.com/FD/Rude%20Awakening.full.jpg
rugged_prairie.jpg	http://mtgpics.chutography.com/EVE/Rugged%20Prairie.full.jpg
ruham_djinn.jpg	http://mtgpics.chutography.com/IN/Ruham%20Djinn.full.jpg
ruination.jpg	http://mtgpics.chutography.com/SH/Ruination.full.jpg
ruinous_minotaur.jpg	http://pics.slightlymagic.net/ZEN/Ruinous%20Minotaur.full.jpg
ruins_of_trokair.jpg	http://mtgpics.chutography.com/6E/Ruins%20of%20Trokair.full.jpg
rukh_egg.jpg	http://mtgpics.chutography.com/9E/Rukh%20Egg.full.jpg
rule_of_law.jpg	http://mtgpics.chutography.com/10E/Rule%20of%20Law.full.jpg
rumbling_crescendo.jpg	http://mtgpics.chutography.com/US/Rumbling%20Crescendo.full.jpg
rumbling_slum.jpg	http://mtgpics.chutography.com/GP/Rumbling%20Slum.full.jpg
rummaging_wizard.jpg	http://mtgpics.chutography.com/ON/Rummaging%20Wizard.full.jpg
run_wild.jpg	http://mtgpics.chutography.com/ON/Run%20Wild.full.jpg
rune_cervin_rider.jpg	http://mtgpics.chutography.com/SHM/Rune-Cervin%20Rider.full.jpg
rune_of_protection_artifacts.jpg	http://mtgpics.chutography.com/US/Rune%20of%20Protection%20Artifacts.full.jpg
rune_of_protection_black.jpg	http://mtgpics.chutography.com/US/Rune%20of%20Protection%20Black.full.jpg
rune_of_protection_blue.jpg	http://mtgpics.chutography.com/US/Rune%20of%20Protection%20Blue.full.jpg
rune_of_protection_green.jpg	http://mtgpics.chutography.com/US/Rune%20of%20Protection%20Green.full.jpg
rune_of_protection_lands.jpg	http://mtgpics.chutography.com/US/Rune%20of%20Protection%20Lands.full.jpg
rune_of_protection_red.jpg	http://mtgpics.chutography.com/US/Rune%20of%20Protection%20Red.full.jpg
rune_of_protection_white.jpg	http://mtgpics.chutography.com/US/Rune%20of%20Protection%20White.full.jpg
rune_snag.jpg	http://mtgpics.chutography.com/CS/Rune%20Snag.full.jpg
rune_tail_kitsune_ascendant.jpg	http://mtgpics.chutography.com/SOK/Rune-Tail,%20Kitsune%20Ascendant.full.jpg
runeboggle.jpg	http://mtgpics.chutography.com/GP/Runeboggle.full.jpg
runeclaw_bear.jpg	http://mtgpics.chutography.com/M10/Runeclaw%20Bear.full.jpg
runed_arch.jpg	http://mtgpics.chutography.com/IA/Runed%20Arch.full.jpg
runed_halo.jpg	http://mtgpics.chutography.com/SHM/Runed%20Halo.full.jpg
runed_stalactite.jpg	http://mtgpics.chutography.com/LRW/Runed%20Stalactite.full.jpg
runeflare_trap.jpg	http://pics.slightlymagic.net/ZEN/Runeflare%20Trap.full.jpg
runes_of_the_deus.jpg	http://mtgpics.chutography.com/SHM/Runes%20of%20the%20Deus.full.jpg
runesword.jpg	http://mtgpics.chutography.com/CH/Runesword.full.jpg
rupture.jpg	http://mtgpics.chutography.com/NE/Rupture.full.jpg
rupture_spire.jpg	http://mtgpics.chutography.com/CFX/Rupture%20Spire.full.jpg
rush_of_knowledge.jpg	http://mtgpics.chutography.com/SC/Rush%20of%20Knowledge.full.jpg
rushing_river.jpg	http://mtgpics.chutography.com/PS/Rushing%20River.full.jpg
rushing_tide_zubera.jpg	http://mtgpics.chutography.com/SOK/Rushing-Tide%20Zubera.full.jpg
rushwood_dryad.jpg	http://mtgpics.chutography.com/10E/Rushwood%20Dryad.full.jpg
rushwood_elemental.jpg	http://mtgpics.chutography.com/MM/Rushwood%20Elemental.full.jpg
rushwood_grove.jpg	http://mtgpics.chutography.com/MM/Rushwood%20Grove.full.jpg
rushwood_herbalist.jpg	http://mtgpics.chutography.com/MM/Rushwood%20Herbalist.full.jpg
rushwood_legate.jpg	http://mtgpics.chutography.com/MM/Rushwood%20Legate.full.jpg
rust.jpg	http://mtgpics.chutography.com/LG/Rust.full.jpg
rust_elemental.jpg	http://mtgpics.chutography.com/MR/Rust%20Elemental.full.jpg
rustic_clachan.jpg	http://mtgpics.chutography.com/MOR/Rustic%20Clachan.full.jpg
rusting_golem.jpg	http://mtgpics.chutography.com/NE/Rusting%20Golem.full.jpg
rustmouth_ogre.jpg	http://mtgpics.chutography.com/MR/Rustmouth%20Ogre.full.jpg
rustrazor_butcher.jpg	http://mtgpics.chutography.com/SHM/Rustrazor%20Butcher.full.jpg
rustspore_ram.jpg	http://mtgpics.chutography.com/MR/Rustspore%20Ram.full.jpg
rysorian_badger.jpg	http://mtgpics.chutography.com/HL/Rysorian%20Badger.full.jpg
ryusei_the_falling_star.jpg	http://mtgpics.chutography.com/CHK/Ryusei,%20the%20Falling%20Star.full.jpg