abandon_hope.jpg	http://mtgpics.chutography.com/TE/Abandon%20Hope.full.jpg
abandoned_outpost.jpg	http://mtgpics.chutography.com/OD/Abandoned%20Outpost.full.jpg
abbey_gargoyles.jpg	http://mtgpics.chutography.com/HL/Abbey%20Gargoyles.full.jpg
abbey_matron.jpg	http://mtgpics.chutography.com/HL/Abbey%20Matron1.full.jpg
abduction.jpg	http://mtgpics.chutography.com/WL/Abduction.full.jpg
abeyance.jpg	http://mtgpics.chutography.com/WL/Abeyance.full.jpg
abjure.jpg	http://mtgpics.chutography.com/WL/Abjure.full.jpg
abolish.jpg	http://mtgpics.chutography.com/PY/Abolish.full.jpg
abomination.jpg	http://mtgpics.chutography.com/LG/Abomination.full.jpg
aboroth.jpg	http://mtgpics.chutography.com/WL/Aboroth.full.jpg
aboshan_cephalid_emperor.jpg	http://mtgpics.chutography.com/OD/Aboshan,%20Cephalid%20Emperor.full.jpg
aboshans_desire.jpg	http://mtgpics.chutography.com/OD/Aboshan's%20Desire.full.jpg
about_face.jpg	http://mtgpics.chutography.com/UL/About%20Face.full.jpg
absolute_grace.jpg	http://mtgpics.chutography.com/US/Absolute%20Grace.full.jpg
absolute_law.jpg	http://mtgpics.chutography.com/US/Absolute%20Law.full.jpg
absolver_thrull.jpg	http://mtgpics.chutography.com/GP/Absolver%20Thrull.full.jpg
absorb.jpg	http://mtgpics.chutography.com/IN/Absorb.full.jpg
absorb_vis.jpg	http://mtgpics.chutography.com/CFX/Absorb%20Vis.full.jpg
abu_jafar.jpg	http://mtgpics.chutography.com/CH/Abu%20Ja'far.full.jpg
abunas_chant.jpg	http://mtgpics.chutography.com/FD/Abuna's%20Chant.full.jpg
abundance.jpg	http://mtgpics.chutography.com/10E/Abundance.full.jpg
abyssal_gatekeeper.jpg	http://mtgpics.chutography.com/WL/Abyssal%20Gatekeeper.full.jpg
abyssal_horror.jpg	http://mtgpics.chutography.com/7E/Abyssal%20Horror.full.jpg
abyssal_hunter.jpg	http://mtgpics.chutography.com/MI/Abyssal%20Hunter.full.jpg
abyssal_nightstalker.jpg	http://mtgpics.chutography.com/P2/Abyssal%20Nightstalker.full.jpg
abyssal_nocturnus.jpg	http://mtgpics.chutography.com/GP/Abyssal%20Nocturnus.full.jpg
abyssal_specter.jpg	http://mtgpics.chutography.com/8E/Abyssal%20Specter.full.jpg
academy_rector.jpg	http://mtgpics.chutography.com/UD/Academy%20Rector.full.jpg
academy_researchers.jpg	http://mtgpics.chutography.com/10E/Academy%20Researchers.full.jpg
academy_ruins.jpg	http://mtgpics.chutography.com/TSP/Academy%20Ruins.full.jpg
accelerate.jpg	http://mtgpics.chutography.com/TO/Accelerate.full.jpg
accelerated_mutation.jpg	http://mtgpics.chutography.com/SC/Accelerated%20Mutation.full.jpg
acceptable_losses.jpg	http://mtgpics.chutography.com/OD/Acceptable%20Losses.full.jpg
accumulated_knowledge.jpg	http://mtgpics.chutography.com/NE/Accumulated%20Knowledge.full.jpg
accursed_centaur.jpg	http://mtgpics.chutography.com/ON/Accursed%20Centaur.full.jpg
ach!_hans_run!.jpg	http://mtgpics.chutography.com/UNH/Ach!%20Hans,%20Run!.full.jpg
acid_rain.jpg	http://mtgpics.chutography.com/LG/Acid%20Rain.full.jpg
acidic_dagger.jpg	http://mtgpics.chutography.com/MI/Acidic%20Dagger.full.jpg
acidic_slime.jpg	http://mtgpics.chutography.com/M10/Acidic%20Slime.full.jpg
acidic_sliver.jpg	http://mtgpics.chutography.com/SH/Acidic%20Sliver.full.jpg
acidic_soil.jpg	http://mtgpics.chutography.com/US/Acidic%20Soil.full.jpg
acolyte_of_xathrid.jpg	http://mtgpics.chutography.com/M10/Acolyte%20of%20Xathrid.full.jpg
acorn_harvest.jpg	http://mtgpics.chutography.com/TO/Acorn%20Harvest.full.jpg
acquire.jpg	http://mtgpics.chutography.com/FD/Acquire.full.jpg
acridian.jpg	http://mtgpics.chutography.com/US/Acridian.full.jpg
act_of_treason.jpg	http://mtgpics.chutography.com/M10/Act%20of%20Treason.full.jpg
active_volcano.jpg	http://mtgpics.chutography.com/LG/Active%20Volcano.full.jpg
ad_nauseam.jpg	http://mtgpics.chutography.com/ALA/Ad%20Nauseam.full.jpg
adamaro_first_to_desire.jpg	http://mtgpics.chutography.com/SOK/Adamaro,%20First%20to%20Desire.full.jpg
adarkar_sentinel.jpg	http://mtgpics.chutography.com/IA/Adarkar%20Sentinel.full.jpg
adarkar_unicorn.jpg	http://mtgpics.chutography.com/IA/Adarkar%20Unicorn.full.jpg
adarkar_valkyrie.jpg	http://mtgpics.chutography.com/CS/Adarkar%20Valkyrie.full.jpg
adarkar_wastes.jpg	http://mtgpics.chutography.com/10E/Adarkar%20Wastes.full.jpg
adarkar_windform.jpg	http://mtgpics.chutography.com/CS/Adarkar%20Windform.full.jpg
adder_staff_boggart.jpg	http://mtgpics.chutography.com/LRW/Adder-Staff%20Boggart.full.jpg
addle.jpg	http://mtgpics.chutography.com/IN/Addle.full.jpg
adun_oakenshield.jpg	http://mtgpics.chutography.com/LG/Adun%20Oakenshield.full.jpg
advance_scout.jpg	http://mtgpics.chutography.com/TE/Advance%20Scout.full.jpg
advanced_hoverguard.jpg	http://mtgpics.chutography.com/FD/Advanced%20Hoverguard.full.jpg
adventurers_guildhouse.jpg	http://mtgpics.chutography.com/LG/Adventurers'%20Guildhouse.full.jpg
adventuring_gear.jpg	http://pics.slightlymagic.net/ZEN/Adventuring%20Gear.full.jpg
advice_from_the_fae.jpg	http://mtgpics.chutography.com/SHM/Advice%20from%20the%20Fae.full.jpg
aegis_of_honor.jpg	http://mtgpics.chutography.com/OD/Aegis%20of%20Honor.full.jpg
aegis_of_the_meek.jpg	http://mtgpics.chutography.com/IA/Aegis%20of%20the%20Meek.full.jpg
aeolipile.jpg	http://mtgpics.chutography.com/FE/Aeolipile.full.jpg
aeon_chronicler.jpg	http://mtgpics.chutography.com/PLC/Aeon%20Chronicler.full.jpg
aerathi_berserker.jpg	http://mtgpics.chutography.com/LG/AErathi%20Berserker.full.jpg
aerial_caravan.jpg	http://mtgpics.chutography.com/MM/Aerial%20Caravan.full.jpg
aerie_mystics.jpg	http://mtgpics.chutography.com/CFX/Aerie%20Mystics.full.jpg
aerie_ouphes.jpg	http://mtgpics.chutography.com/EVE/Aerie%20Ouphes.full.jpg
aesthetic_consultation.jpg	http://mtgpics.chutography.com/UNH/Aesthetic%20Consultation.full.jpg
aesthir_glider.jpg	http://mtgpics.chutography.com/AT/Aesthir%20Glider.full.jpg
aether_barrier.jpg	http://mtgpics.chutography.com/NE/AEther%20Barrier.full.jpg
aether_burst.jpg	http://mtgpics.chutography.com/OD/AEther%20Burst.full.jpg
aether_charge.jpg	http://mtgpics.chutography.com/ON/AEther%20Charge.full.jpg
aether_figment.jpg	http://pics.slightlymagic.net/ZEN/AEther%20Figment.full.jpg
aether_flash.jpg	http://mtgpics.chutography.com/7E/Aether%20Flash.full.jpg
aether_membrane.jpg	http://mtgpics.chutography.com/PLC/AEther%20Membrane.full.jpg
aether_mutation.jpg	http://mtgpics.chutography.com/AP/AEther%20Mutation.full.jpg
aether_rift.jpg	http://mtgpics.chutography.com/IN/AEther%20Rift.full.jpg
aether_shockwave.jpg	http://mtgpics.chutography.com/SOK/Aether%20Shockwave.full.jpg
aether_snap.jpg	http://mtgpics.chutography.com/DS/AEther%20Snap.full.jpg
aether_spellbomb.jpg	http://mtgpics.chutography.com/MR/AEther%20Spellbomb.full.jpg
aether_sting.jpg	http://mtgpics.chutography.com/UD/AEther%20Sting.full.jpg
aether_storm.jpg	http://mtgpics.chutography.com/HL/AEther%20Storm.full.jpg
aether_tide.jpg	http://mtgpics.chutography.com/EX/AEther%20Tide.full.jpg
aether_vial.jpg	http://mtgpics.chutography.com/DS/AEther%20Vial.full.jpg
aether_web.jpg	http://mtgpics.chutography.com/TSP/Aether%20Web.full.jpg
aetherflame_wall.jpg	http://mtgpics.chutography.com/TSP/Aetherflame%20Wall.full.jpg
aethermages_touch.jpg	http://mtgpics.chutography.com/DIS/AEthermage's%20Touch.full.jpg
aetherplasm.jpg	http://mtgpics.chutography.com/GP/AEtherplasm.full.jpg
aethersnipe.jpg	http://mtgpics.chutography.com/LRW/AEthersnipe.full.jpg
aethertow.jpg	http://mtgpics.chutography.com/SHM/AEthertow.full.jpg
afflict.jpg	http://mtgpics.chutography.com/OD/Afflict.full.jpg
afiya_grove.jpg	http://mtgpics.chutography.com/MI/Afiya%20Grove.full.jpg
afterlife.jpg	http://mtgpics.chutography.com/MM/Afterlife.full.jpg
aftershock.jpg	http://mtgpics.chutography.com/TE/Aftershock.full.jpg
ageless_entity.jpg	http://mtgpics.chutography.com/DS/Ageless%20Entity.full.jpg
ageless_sentinels.jpg	http://mtgpics.chutography.com/SC/Ageless%20Sentinels.full.jpg
agent_of_masks.jpg	http://mtgpics.chutography.com/GP/Agent%20of%20Masks.full.jpg
agent_of_shauku.jpg	http://mtgpics.chutography.com/PY/Agent%20of%20Shauku.full.jpg
agent_of_stromgald.jpg	http://mtgpics.chutography.com/AL/Agent%20of%20Stromgald1.full.jpg
aggravated_assault.jpg	http://mtgpics.chutography.com/ON/Aggravated%20Assault.full.jpg
aggression.jpg	http://mtgpics.chutography.com/IA/Aggression.full.jpg
aggressive_urge.jpg	http://mtgpics.chutography.com/10E/Aggressive%20Urge.full.jpg
agility.jpg	http://mtgpics.chutography.com/MI/Agility.full.jpg
agonizing_demise.jpg	http://mtgpics.chutography.com/IN/Agonizing%20Demise.full.jpg
agonizing_memories.jpg	http://mtgpics.chutography.com/10E/Agonizing%20Memories.full.jpg
agony_warp.jpg	http://mtgpics.chutography.com/ALA/Agony%20Warp.full.jpg
agrus_kos_wojek_veteran.jpg	http://mtgpics.chutography.com/RAV/Agrus%20Kos,%20Wojek%20Veteran.full.jpg
air_bladder.jpg	http://mtgpics.chutography.com/NE/Air%20Bladder.full.jpg
air_elemental.jpg	http://mtgpics.chutography.com/10E/Air%20Elemental.full.jpg
airborne_aid.jpg	http://mtgpics.chutography.com/ON/Airborne%20Aid.full.jpg
airdrop_condor.jpg	http://mtgpics.chutography.com/ON/Airdrop%20Condor.full.jpg
aisling_leprechaun.jpg	http://mtgpics.chutography.com/LG/Aisling%20Leprechaun.full.jpg
ajani_goldmane.jpg	http://mtgpics.chutography.com/M10/Ajani%20Goldmane.full.jpg
ajani_vengeant.jpg	http://mtgpics.chutography.com/ALA/Ajani%20Vengeant.full.jpg
akki_avalanchers.jpg	http://mtgpics.chutography.com/CHK/Akki%20Avalanchers.full.jpg
akki_blizzard_herder.jpg	http://mtgpics.chutography.com/BOK/Akki%20Blizzard-Herder.full.jpg
akki_coalflinger.jpg	http://mtgpics.chutography.com/CHK/Akki%20Coalflinger.full.jpg
akki_drillmaster.jpg	http://mtgpics.chutography.com/SOK/Akki%20Drillmaster.full.jpg
akki_lavarunner.jpg	http://mtgpics.chutography.com/CHK/Akki%20Lavarunner.full.jpg
akki_raider.jpg	http://mtgpics.chutography.com/BOK/Akki%20Raider.full.jpg
akki_rockspeaker.jpg	http://mtgpics.chutography.com/CHK/Akki%20Rockspeaker.full.jpg
akki_underling.jpg	http://mtgpics.chutography.com/SOK/Akki%20Underling.full.jpg
akki_underminer.jpg	http://mtgpics.chutography.com/CHK/Akki%20Underminer.full.jpg
akoum_refuge.jpg	http://pics.slightlymagic.net/ZEN/Akoum%20Refuge.full.jpg
akrasan_squire.jpg	http://mtgpics.chutography.com/ALA/Akrasan%20Squire.full.jpg
akroma_angel_of_fury.jpg	http://mtgpics.chutography.com/PLC/Akroma,%20Angel%20of%20Fury.full.jpg
akroma_angel_of_wrath.jpg	http://mtgpics.chutography.com/TSB/Akroma,%20Angel%20of%20Wrath.full.jpg
akromas_blessing.jpg	http://mtgpics.chutography.com/ON/Akroma's%20Blessing.full.jpg
akromas_devoted.jpg	http://mtgpics.chutography.com/LE/Akroma's%20Devoted.full.jpg
akromas_memorial.jpg	http://mtgpics.chutography.com/FUT/Akroma's%20Memorial.full.jpg
akromas_vengeance.jpg	http://mtgpics.chutography.com/ON/Akroma's%20Vengeance.full.jpg
akron_legionnaire.jpg	http://mtgpics.chutography.com/LG/Akron%20Legionnaire.full.jpg
aku_djinn.jpg	http://mtgpics.chutography.com/VI/Aku%20Djinn.full.jpg
akuta_born_of_ash.jpg	http://mtgpics.chutography.com/SOK/Akuta,%20Born%20of%20Ash.full.jpg
al_abaras_carpet.jpg	http://mtgpics.chutography.com/LG/Al-abara's%20Carpet.full.jpg
alabaster_dragon.jpg	http://mtgpics.chutography.com/WL/Alabaster%20Dragon.full.jpg
alabaster_leech.jpg	http://mtgpics.chutography.com/IN/Alabaster%20Leech.full.jpg
alabaster_potion.jpg	http://mtgpics.chutography.com/LG/Alabaster%20Potion.full.jpg
alabaster_wall.jpg	http://mtgpics.chutography.com/MM/Alabaster%20Wall.full.jpg
alaborn_cavalier.jpg	http://mtgpics.chutography.com/P2/Alaborn%20Cavalier.full.jpg
alaborn_grenadier.jpg	http://mtgpics.chutography.com/P2/Alaborn%20Grenadier.full.jpg
alaborn_musketeer.jpg	http://mtgpics.chutography.com/P2/Alaborn%20Musketeer.full.jpg
alaborn_trooper.jpg	http://mtgpics.chutography.com/P2/Alaborn%20Trooper.full.jpg
alaborn_veteran.jpg	http://mtgpics.chutography.com/P2/Alaborn%20Veteran.full.jpg
alaborn_zealot.jpg	http://mtgpics.chutography.com/P2/Alaborn%20Zealot.full.jpg
aladdin.jpg	http://mtgpics.chutography.com/CH/Aladdin.full.jpg
aladdins_lamp.jpg	http://mtgpics.chutography.com/R/Aladdin's%20Lamp.full.jpg
aladdins_ring.jpg	http://mtgpics.chutography.com/9E/Aladdin's%20Ring.full.jpg
alarum.jpg	http://mtgpics.chutography.com/MI/Alarum.full.jpg
albino_troll.jpg	http://mtgpics.chutography.com/US/Albino%20Troll.full.jpg
alchors_tomb.jpg	http://mtgpics.chutography.com/LG/Alchor's%20Tomb.full.jpg
aleatory.jpg	http://mtgpics.chutography.com/MI/Aleatory.full.jpg
alert_shu_infantry.jpg	http://mtgpics.chutography.com/P3/Alert%20Shu%20Infantry.full.jpg
alexi_zephyr_mage.jpg	http://mtgpics.chutography.com/PY/Alexi,%20Zephyr%20Mage.full.jpg
alexis_cloak.jpg	http://mtgpics.chutography.com/PY/Alexi's%20Cloak.full.jpg
algae_gharial.jpg	http://mtgpics.chutography.com/ALA/Algae%20Gharial.full.jpg
ali_baba.jpg	http://mtgpics.chutography.com/AN/Ali%20Baba.full.jpg
ali_from_cairo.jpg	http://mtgpics.chutography.com/AN/Ali%20from%20Cairo.full.jpg
alibans_tower.jpg	http://mtgpics.chutography.com/HL/Aliban's%20Tower1.full.jpg
all_hallows_eve.jpg	http://mtgpics.chutography.com/LG/All%20Hallow's%20Eve.full.jpg
all_suns_dawn.jpg	http://mtgpics.chutography.com/FD/All%20Suns'%20Dawn.full.jpg
allay.jpg	http://mtgpics.chutography.com/EX/Allay.full.jpg
alley_grifters.jpg	http://mtgpics.chutography.com/MM/Alley%20Grifters.full.jpg
allied_strategies.jpg	http://mtgpics.chutography.com/PS/Allied%20Strategies.full.jpg
allosaurus_rider.jpg	http://mtgpics.chutography.com/CS/Allosaurus%20Rider.full.jpg
alloy_golem.jpg	http://mtgpics.chutography.com/IN/Alloy%20Golem.full.jpg
alluring_scent.jpg	http://mtgpics.chutography.com/ST/Alluring%20Scent.full.jpg
alluring_siren.jpg	http://mtgpics.chutography.com/M10/Alluring%20Siren.full.jpg
alms.jpg	http://mtgpics.chutography.com/WL/Alms.full.jpg
alpha_kavu.jpg	http://mtgpics.chutography.com/PS/Alpha%20Kavu.full.jpg
alpha_myr.jpg	http://mtgpics.chutography.com/MR/Alpha%20Myr.full.jpg
alpha_status.jpg	http://mtgpics.chutography.com/SC/Alpha%20Status.full.jpg
altar_golem.jpg	http://mtgpics.chutography.com/EVE/Altar%20Golem.full.jpg
altar_of_bone.jpg	http://mtgpics.chutography.com/IA/Altar%20of%20Bone.full.jpg
altar_of_dementia.jpg	http://mtgpics.chutography.com/TE/Altar%20of%20Dementia.full.jpg
altar_of_shadows.jpg	http://mtgpics.chutography.com/MR/Altar%20of%20Shadows.full.jpg
altars_light.jpg	http://mtgpics.chutography.com/MR/Altar's%20Light.full.jpg
alter_reality.jpg	http://mtgpics.chutography.com/TO/Alter%20Reality.full.jpg
aluren.jpg	http://mtgpics.chutography.com/TE/Aluren.full.jpg
ambassador_laquatus.jpg	http://mtgpics.chutography.com/10E/Ambassador%20Laquatus.full.jpg
ambassador_oak.jpg	http://mtgpics.chutography.com/MOR/Ambassador%20Oak.full.jpg
amber_prison.jpg	http://mtgpics.chutography.com/MI/Amber%20Prison.full.jpg
ambiguity.jpg	http://mtgpics.chutography.com/UNH/Ambiguity.full.jpg
ambitions_cost.jpg	http://mtgpics.chutography.com/8E/Ambition's%20Cost.full.jpg
ambush.jpg	http://mtgpics.chutography.com/HL/Ambush.full.jpg
ambush_commander.jpg	http://mtgpics.chutography.com/SC/Ambush%20Commander.full.jpg
ambush_party.jpg	http://mtgpics.chutography.com/5E/Ambush%20Party.full.jpg
amnesia.jpg	http://mtgpics.chutography.com/DK/Amnesia.full.jpg
amoeboid_changeling.jpg	http://mtgpics.chutography.com/LRW/Amoeboid%20Changeling.full.jpg
amok.jpg	http://mtgpics.chutography.com/SH/Amok.full.jpg
amphibious_kavu.jpg	http://mtgpics.chutography.com/PS/Amphibious%20Kavu.full.jpg
amrou_kithkin.jpg	http://mtgpics.chutography.com/LG/Amrou%20Kithkin.full.jpg
amrou_scout.jpg	http://mtgpics.chutography.com/TSP/Amrou%20Scout.full.jpg
amrou_seekers.jpg	http://mtgpics.chutography.com/TSP/Amrou%20Seekers.full.jpg
amugaba.jpg	http://mtgpics.chutography.com/OD/Amugaba.full.jpg
amulet_of_kroog.jpg	http://mtgpics.chutography.com/AQ/Amulet%20of%20Kroog.full.jpg
amulet_of_quoz.jpg	http://mtgpics.chutography.com/IA/Amulet%20of%20Quoz.full.jpg
amulet_of_unmaking.jpg	http://mtgpics.chutography.com/MI/Amulet%20of%20Unmaking.full.jpg
an_havva_constable.jpg	http://mtgpics.chutography.com/HL/An-Havva%20Constable.full.jpg
an_havva_inn.jpg	http://mtgpics.chutography.com/HL/An-Havva%20Inn.full.jpg
an_havva_township.jpg	http://mtgpics.chutography.com/HL/An-Havva%20Township.full.jpg
an_zerrin_ruins.jpg	http://mtgpics.chutography.com/HL/An-Zerrin%20Ruins.full.jpg
ana_battlemage.jpg	http://mtgpics.chutography.com/PLC/Ana%20Battlemage.full.jpg
ana_disciple.jpg	http://mtgpics.chutography.com/AP/Ana%20Disciple.full.jpg
ana_sanctuary.jpg	http://mtgpics.chutography.com/AP/Ana%20Sanctuary.full.jpg
anaba_ancestor.jpg	http://mtgpics.chutography.com/HL/Anaba%20Ancestor.full.jpg
anaba_bodyguard.jpg	http://mtgpics.chutography.com/10E/Anaba%20Bodyguard.full.jpg
anaba_shaman.jpg	http://mtgpics.chutography.com/9E/Anaba%20Shaman.full.jpg
anaba_spirit_crafter.jpg	http://mtgpics.chutography.com/HL/Anaba%20Spirit%20Crafter.full.jpg
anaconda.jpg	http://mtgpics.chutography.com/9E/Anaconda.full.jpg
anarchist.jpg	http://mtgpics.chutography.com/9E/Anarchist.full.jpg
anarchy.jpg	http://mtgpics.chutography.com/IA/Anarchy.full.jpg
anathemancer.jpg	http://mtgpics.chutography.com/ARB/Anathemancer.full.jpg
anavolver.jpg	http://mtgpics.chutography.com/AP/Anavolver.full.jpg
ancestors_chosen.jpg	http://mtgpics.chutography.com/10E/Ancestor's%20Chosen.full.jpg
ancestors_prophet.jpg	http://mtgpics.chutography.com/ON/Ancestor's%20Prophet.full.jpg
ancestral_knowledge.jpg	http://mtgpics.chutography.com/WL/Ancestral%20Knowledge.full.jpg
ancestral_mask.jpg	http://mtgpics.chutography.com/MM/Ancestral%20Mask.full.jpg
ancestral_memories.jpg	http://mtgpics.chutography.com/MI/Ancestral%20Memories.full.jpg
ancestral_recall.jpg	http://mtgpics.chutography.com/U/Ancestral%20Recall.full.jpg
ancestral_tribute.jpg	http://mtgpics.chutography.com/OD/Ancestral%20Tribute.full.jpg
ancestral_vision.jpg	http://mtgpics.chutography.com/TSP/Ancestral%20Vision.full.jpg
ancient_amphitheater.jpg	http://mtgpics.chutography.com/LRW/Ancient%20Amphitheater.full.jpg
ancient_craving.jpg	http://mtgpics.chutography.com/ST/Ancient%20Craving.full.jpg
ancient_den.jpg	http://mtgpics.chutography.com/MR/Ancient%20Den.full.jpg
ancient_grudge.jpg	http://mtgpics.chutography.com/TSP/Ancient%20Grudge.full.jpg
ancient_hydra.jpg	http://mtgpics.chutography.com/NE/Ancient%20Hydra.full.jpg
ancient_kavu.jpg	http://mtgpics.chutography.com/IN/Ancient%20Kavu.full.jpg
ancient_ooze.jpg	http://mtgpics.chutography.com/SC/Ancient%20Ooze.full.jpg
ancient_runes.jpg	http://mtgpics.chutography.com/TE/Ancient%20Runes.full.jpg
ancient_silverback.jpg	http://mtgpics.chutography.com/9E/Ancient%20Silverback.full.jpg
ancient_spider.jpg	http://mtgpics.chutography.com/PS/Ancient%20Spider.full.jpg
ancient_spring.jpg	http://mtgpics.chutography.com/IN/Ancient%20Spring.full.jpg
ancient_tomb.jpg	http://mtgpics.chutography.com/TE/Ancient%20Tomb.full.jpg
ancient_ziggurat.jpg	http://mtgpics.chutography.com/CFX/Ancient%20Ziggurat.full.jpg
andradite_leech.jpg	http://mtgpics.chutography.com/IN/Andradite%20Leech.full.jpg
angel_of_despair.jpg	http://mtgpics.chutography.com/GP/Angel%20of%20Despair.full.jpg
angel_of_fury.jpg	http://mtgpics.chutography.com/P2/Angel%20of%20Fury.full.jpg
angel_of_light.jpg	http://mtgpics.chutography.com/ST/Angel%20of%20Light.full.jpg
angel_of_mercy.jpg	http://mtgpics.chutography.com/10E/Angel%20of%20Mercy.full.jpg
angel_of_retribution.jpg	http://mtgpics.chutography.com/TO/Angel%20of%20Retribution.full.jpg
angel_of_salvation.jpg	http://mtgpics.chutography.com/FUT/Angel%20of%20Salvation.full.jpg
angelfire_crusader.jpg	http://mtgpics.chutography.com/AP/Angelfire%20Crusader.full.jpg
angelic_benediction.jpg	http://mtgpics.chutography.com/ALA/Angelic%20Benediction.full.jpg
angelic_blessing.jpg	http://mtgpics.chutography.com/10E/Angelic%20Blessing.full.jpg
angelic_chorus.jpg	http://mtgpics.chutography.com/10E/Angelic%20Chorus.full.jpg
angelic_curator.jpg	http://mtgpics.chutography.com/UL/Angelic%20Curator.full.jpg
angelic_favor.jpg	http://mtgpics.chutography.com/NE/Angelic%20Favor.full.jpg
angelic_page.jpg	http://mtgpics.chutography.com/8E/Angelic%20Page.full.jpg
angelic_protector.jpg	http://mtgpics.chutography.com/TE/Angelic%20Protector.full.jpg
angelic_renewal.jpg	http://mtgpics.chutography.com/WL/Angelic%20Renewal.full.jpg
angelic_shield.jpg	http://mtgpics.chutography.com/IN/Angelic%20Shield.full.jpg
angelic_voices.jpg	http://mtgpics.chutography.com/LG/Angelic%20Voices.full.jpg
angelic_wall.jpg	http://mtgpics.chutography.com/OD/Angelic%20Wall.full.jpg
angels_feather.jpg	http://mtgpics.chutography.com/10E/Angel's%20Feather.full.jpg
angels_grace.jpg	http://mtgpics.chutography.com/TSP/Angel's%20Grace.full.jpg
angels_herald.jpg	http://mtgpics.chutography.com/ALA/Angel's%20Herald.full.jpg
angels_mercy.jpg	http://mtgpics.chutography.com/M10/Angel's%20Mercy.full.jpg
angels_trumpet.jpg	http://mtgpics.chutography.com/UL/Angel's%20Trumpet.full.jpg
angelsong.jpg	http://mtgpics.chutography.com/ALA/Angelsong.full.jpg
anger.jpg	http://mtgpics.chutography.com/JU/Anger.full.jpg
angry_mob.jpg	http://mtgpics.chutography.com/DK/Angry%20Mob.full.jpg
angus_mackenzie.jpg	http://mtgpics.chutography.com/LG/Angus%20Mackenzie.full.jpg
animal_boneyard.jpg	http://mtgpics.chutography.com/OD/Animal%20Boneyard.full.jpg
animal_magnetism.jpg	http://mtgpics.chutography.com/ON/Animal%20Magnetism.full.jpg
animate_artifact.jpg	http://mtgpics.chutography.com/4E/Animate%20Artifact.full.jpg
animate_dead.jpg	http://mtgpics.chutography.com/5E/Animate%20Dead.full.jpg
animate_land.jpg	http://mtgpics.chutography.com/NE/Animate%20Land.full.jpg
animate_wall.jpg	http://mtgpics.chutography.com/6E/Animate%20Wall.full.jpg
ankh_of_mishra.jpg	http://mtgpics.chutography.com/6E/Ankh%20of%20Mishra.full.jpg
annex.jpg	http://mtgpics.chutography.com/9E/Annex.full.jpg
annihilate.jpg	http://mtgpics.chutography.com/IN/Annihilate.full.jpg
annul.jpg	http://mtgpics.chutography.com/MR/Annul.full.jpg
anodet_lurker.jpg	http://mtgpics.chutography.com/FD/Anodet%20Lurker.full.jpg
anoint.jpg	http://mtgpics.chutography.com/TE/Anoint.full.jpg
ant_queen.jpg	http://mtgpics.chutography.com/M10/Ant%20Queen.full.jpg
antagonism.jpg	http://mtgpics.chutography.com/US/Antagonism.full.jpg
anthem_of_rakdos.jpg	http://mtgpics.chutography.com/DIS/Anthem%20of%20Rakdos.full.jpg
anthroplasm.jpg	http://mtgpics.chutography.com/UL/Anthroplasm.full.jpg
anti_magic_aura.jpg	http://mtgpics.chutography.com/LG/Anti-Magic%20Aura.full.jpg
antler_skulkin.jpg	http://mtgpics.chutography.com/EVE/Antler%20Skulkin.full.jpg
anurid_barkripper.jpg	http://mtgpics.chutography.com/JU/Anurid%20Barkripper.full.jpg
anurid_brushhopper.jpg	http://mtgpics.chutography.com/JU/Anurid%20Brushhopper.full.jpg
anurid_murkdiver.jpg	http://mtgpics.chutography.com/ON/Anurid%20Murkdiver.full.jpg
anurid_scavenger.jpg	http://mtgpics.chutography.com/TO/Anurid%20Scavenger.full.jpg
anurid_swarmsnapper.jpg	http://mtgpics.chutography.com/JU/Anurid%20Swarmsnapper.full.jpg
anvil_of_bogardan.jpg	http://mtgpics.chutography.com/VI/Anvil%20of%20Bogardan.full.jpg
apathy.jpg	http://mtgpics.chutography.com/WL/Apathy.full.jpg
apes_of_rath.jpg	http://mtgpics.chutography.com/TE/Apes%20of%20Rath.full.jpg
aphetto_alchemist.jpg	http://mtgpics.chutography.com/ON/Aphetto%20Alchemist.full.jpg
aphetto_dredging.jpg	http://mtgpics.chutography.com/ON/Aphetto%20Dredging.full.jpg
aphetto_exterminator.jpg	http://mtgpics.chutography.com/LE/Aphetto%20Exterminator.full.jpg
aphetto_grifter.jpg	http://mtgpics.chutography.com/ON/Aphetto%20Grifter.full.jpg
aphetto_runecaster.jpg	http://mtgpics.chutography.com/SC/Aphetto%20Runecaster.full.jpg
aphetto_vulture.jpg	http://mtgpics.chutography.com/ON/Aphetto%20Vulture.full.jpg
aphotic_wisps.jpg	http://mtgpics.chutography.com/SHM/Aphotic%20Wisps.full.jpg
apocalypse.jpg	http://mtgpics.chutography.com/TE/Apocalypse.full.jpg
apocalypse_chime.jpg	http://mtgpics.chutography.com/HL/Apocalypse%20Chime.full.jpg
apocalypse_hydra.jpg	http://mtgpics.chutography.com/CFX/Apocalypse%20Hydra.full.jpg
apothecary_initiate.jpg	http://mtgpics.chutography.com/SHM/Apothecary%20Initiate.full.jpg
apprentice_necromancer.jpg	http://mtgpics.chutography.com/UD/Apprentice%20Necromancer.full.jpg
apprentice_sorcerer.jpg	http://mtgpics.chutography.com/P2/Apprentice%20Sorcerer.full.jpg
apprentice_wizard.jpg	http://mtgpics.chutography.com/DK/Apprentice%20Wizard.full.jpg
aquamoeba.jpg	http://mtgpics.chutography.com/TO/Aquamoeba.full.jpg
aquamorph_entity.jpg	http://mtgpics.chutography.com/PLC/Aquamorph%20Entity.full.jpg
aquastrand_spider.jpg	http://mtgpics.chutography.com/DIS/Aquastrand%20Spider.full.jpg
aquitects_will.jpg	http://mtgpics.chutography.com/LRW/Aquitect's%20Will.full.jpg
araba_mothrider.jpg	http://mtgpics.chutography.com/SOK/Araba%20Mothrider.full.jpg
arachnoid.jpg	http://mtgpics.chutography.com/FD/Arachnoid.full.jpg
arashi_the_sky_asunder.jpg	http://mtgpics.chutography.com/SOK/Arashi,%20the%20Sky%20Asunder.full.jpg
arbiter_of_knollridge.jpg	http://mtgpics.chutography.com/LRW/Arbiter%20of%20Knollridge.full.jpg
arboria.jpg	http://mtgpics.chutography.com/LG/Arboria.full.jpg
arc_blade.jpg	http://mtgpics.chutography.com/FUT/Arc%20Blade.full.jpg
arc_lightning.jpg	http://mtgpics.chutography.com/HOP/Arc%20Lightning.full.jpg
arc_mage.jpg	http://mtgpics.chutography.com/NE/Arc%20Mage.full.jpg
arc_slogger.jpg	http://mtgpics.chutography.com/MR/Arc-Slogger.full.jpg
arcades_sabboth.jpg	http://mtgpics.chutography.com/LG/Arcades%20Sabboth.full.jpg
arcane_denial.jpg	http://mtgpics.chutography.com/AL/Arcane%20Denial1.full.jpg
arcane_laboratory.jpg	http://mtgpics.chutography.com/7E/Arcane%20Laboratory.full.jpg
arcane_sanctum.jpg	http://mtgpics.chutography.com/ALA/Arcane%20Sanctum.full.jpg
arcane_spyglass.jpg	http://mtgpics.chutography.com/DS/Arcane%20Spyglass.full.jpg
arcane_teachings.jpg	http://mtgpics.chutography.com/10E/Arcane%20Teachings.full.jpg
arcanis_the_omnipotent.jpg	http://mtgpics.chutography.com/10E/Arcanis%20the%20Omnipotent.full.jpg
arcanum_wings.jpg	http://mtgpics.chutography.com/FUT/Arcanum%20Wings.full.jpg
arcbound_bruiser.jpg	http://mtgpics.chutography.com/DS/Arcbound%20Bruiser.full.jpg
arcbound_crusher.jpg	http://mtgpics.chutography.com/DS/Arcbound%20Crusher.full.jpg
arcbound_fiend.jpg	http://mtgpics.chutography.com/DS/Arcbound%20Fiend.full.jpg
arcbound_hybrid.jpg	http://mtgpics.chutography.com/DS/Arcbound%20Hybrid.full.jpg
arcbound_lancer.jpg	http://mtgpics.chutography.com/DS/Arcbound%20Lancer.full.jpg
arcbound_overseer.jpg	http://mtgpics.chutography.com/DS/Arcbound%20Overseer.full.jpg
arcbound_ravager.jpg	http://mtgpics.chutography.com/DS/Arcbound%20Ravager.full.jpg
arcbound_reclaimer.jpg	http://mtgpics.chutography.com/DS/Arcbound%20Reclaimer.full.jpg
arcbound_slith.jpg	http://mtgpics.chutography.com/DS/Arcbound%20Slith.full.jpg
arcbound_stinger.jpg	http://mtgpics.chutography.com/DS/Arcbound%20Stinger.full.jpg
arcbound_wanderer.jpg	http://mtgpics.chutography.com/FD/Arcbound%20Wanderer.full.jpg
arcbound_worker.jpg	http://mtgpics.chutography.com/DS/Arcbound%20Worker.full.jpg
archaeological_dig.jpg	http://mtgpics.chutography.com/IN/Archaeological%20Dig.full.jpg
archangel.jpg	http://mtgpics.chutography.com/VI/Archangel.full.jpg
archdemon_of_unx.jpg	http://mtgpics.chutography.com/ALA/Archdemon%20of%20Unx.full.jpg
archery_training.jpg	http://mtgpics.chutography.com/UD/Archery%20Training.full.jpg
architects_of_will.jpg	http://mtgpics.chutography.com/ARB/Architects%20of%20Will.full.jpg
archive_trap.jpg	http://pics.slightlymagic.net/ZEN/Archive%20Trap.full.jpg
archivist.jpg	http://mtgpics.chutography.com/9E/Archivist.full.jpg
archmage_ascension.jpg	http://pics.slightlymagic.net/ZEN/Archmage%20Ascension.full.jpg
archon_of_justice.jpg	http://mtgpics.chutography.com/EVE/Archon%20of%20Justice.full.jpg
arctic_flats.jpg	http://mtgpics.chutography.com/CS/Arctic%20Flats.full.jpg
arctic_foxes.jpg	http://mtgpics.chutography.com/IA/Arctic%20Foxes.full.jpg
arctic_merfolk.jpg	http://mtgpics.chutography.com/PS/Arctic%20Merfolk.full.jpg
arctic_nishoba.jpg	http://mtgpics.chutography.com/CS/Arctic%20Nishoba.full.jpg
arctic_wolves.jpg	http://mtgpics.chutography.com/WL/Arctic%20Wolves.full.jpg
arcum_dagsson.jpg	http://mtgpics.chutography.com/CS/Arcum%20Dagsson.full.jpg
arcums_sleigh.jpg	http://mtgpics.chutography.com/IA/Arcum's%20Sleigh.full.jpg
arcums_weathervane.jpg	http://mtgpics.chutography.com/IA/Arcum's%20Weathervane.full.jpg
arcums_whistle.jpg	http://mtgpics.chutography.com/IA/Arcum's%20Whistle.full.jpg
ardent_militia.jpg	http://mtgpics.chutography.com/8E/Ardent%20Militia.full.jpg
ardent_plea.jpg	http://mtgpics.chutography.com/ARB/Ardent%20Plea.full.jpg
ardent_soldier.jpg	http://mtgpics.chutography.com/IN/Ardent%20Soldier.full.jpg
arena.jpg	http://mtgpics.chutography.com/HPB/Arena.full.jpg
arena_of_the_ancients.jpg	http://mtgpics.chutography.com/LG/Arena%20of%20the%20Ancients.full.jpg
arensons_aura.jpg	http://mtgpics.chutography.com/IA/Arenson's%20Aura.full.jpg
argivian_archaeologist.jpg	http://mtgpics.chutography.com/AQ/Argivian%20Archaeologist.full.jpg
argivian_blacksmith.jpg	http://mtgpics.chutography.com/AQ/Argivian%20Blacksmith.full.jpg
argivian_find.jpg	http://mtgpics.chutography.com/WL/Argivian%20Find.full.jpg
argivian_restoration.jpg	http://mtgpics.chutography.com/WL/Argivian%20Restoration.full.jpg
argothian_elder.jpg	http://mtgpics.chutography.com/US/Argothian%20Elder.full.jpg
argothian_enchantress.jpg	http://mtgpics.chutography.com/US/Argothian%20Enchantress.full.jpg
argothian_pixies.jpg	http://mtgpics.chutography.com/CH/Argothian%20Pixies.full.jpg
argothian_swine.jpg	http://mtgpics.chutography.com/US/Argothian%20Swine.full.jpg
argothian_treefolk.jpg	http://mtgpics.chutography.com/AQ/Argothian%20Treefolk.full.jpg
argothian_wurm.jpg	http://mtgpics.chutography.com/US/Argothian%20Wurm.full.jpg
arid_mesa.jpg	http://pics.slightlymagic.net/ZEN/Arid%20Mesa.full.jpg
ark_of_blight.jpg	http://mtgpics.chutography.com/SC/Ark%20of%20Blight.full.jpg
armadillo_cloak.jpg	http://mtgpics.chutography.com/IN/Armadillo%20Cloak.full.jpg
armageddon.jpg	http://mtgpics.chutography.com/6E/Armageddon.full.jpg
armageddon_clock.jpg	http://mtgpics.chutography.com/AQ/Armageddon%20Clock.full.jpg
armament_master.jpg	http://pics.slightlymagic.net/ZEN/Armament%20Master.full.jpg
armed_response.jpg	http://mtgpics.chutography.com/FD/Armed%20Response.full.jpg
armillary_sphere.jpg	http://mtgpics.chutography.com/CFX/Armillary%20Sphere.full.jpg
armistice.jpg	http://mtgpics.chutography.com/MM/Armistice.full.jpg
armor_of_faith.jpg	http://mtgpics.chutography.com/IA/Armor%20of%20Faith.full.jpg
armor_of_thorns.jpg	http://mtgpics.chutography.com/MI/Armor%20of%20Thorns.full.jpg
armor_sliver.jpg	http://mtgpics.chutography.com/TE/Armor%20Sliver.full.jpg
armor_thrull.jpg	http://mtgpics.chutography.com/FE/Armor%20Thrull1.full.jpg
armored_ascension.jpg	http://mtgpics.chutography.com/M10/Armored%20Ascension.full.jpg
armored_galleon.jpg	http://mtgpics.chutography.com/P2/Armored%20Galleon.full.jpg
armored_griffin.jpg	http://mtgpics.chutography.com/P2/Armored%20Griffin.full.jpg
armored_guardian.jpg	http://mtgpics.chutography.com/IN/Armored%20Guardian.full.jpg
armored_pegasus.jpg	http://mtgpics.chutography.com/TE/Armored%20Pegasus.full.jpg
armorer_guildmage.jpg	http://mtgpics.chutography.com/MI/Armorer%20Guildmage.full.jpg
arms_dealer.jpg	http://mtgpics.chutography.com/MM/Arms%20Dealer.full.jpg
army_ants.jpg	http://mtgpics.chutography.com/VI/Army%20Ants.full.jpg
army_of_allah.jpg	http://mtgpics.chutography.com/AN/Army%20of%20Allah1.full.jpg
arnjlots_ascent.jpg	http://mtgpics.chutography.com/IA/Arnjlot's%20Ascent.full.jpg
arrest.jpg	http://mtgpics.chutography.com/MR/Arrest.full.jpg
arrogant_vampire.jpg	http://mtgpics.chutography.com/PT/Arrogant%20Vampire.full.jpg
arrogant_wurm.jpg	http://mtgpics.chutography.com/TO/Arrogant%20Wurm.full.jpg
arrow_volley_trap.jpg	http://pics.slightlymagic.net/ZEN/Arrow%20Volley%20Trap.full.jpg
arsenal_thresher.jpg	http://mtgpics.chutography.com/HOP/Arsenal%20Thresher.full.jpg
artful_looter.jpg	http://mtgpics.chutography.com/UNH/Artful%20Looter.full.jpg
artifact_blast.jpg	http://mtgpics.chutography.com/AQ/Artifact%20Blast.full.jpg
artifact_mutation.jpg	http://mtgpics.chutography.com/IN/Artifact%20Mutation.full.jpg
artifact_possession.jpg	http://mtgpics.chutography.com/AQ/Artifact%20Possession.full.jpg
artifact_ward.jpg	http://mtgpics.chutography.com/AQ/Artifact%20Ward.full.jpg
artificers_intuition.jpg	http://mtgpics.chutography.com/FD/Artificer's%20Intuition.full.jpg
artificial_evolution.jpg	http://mtgpics.chutography.com/ON/Artificial%20Evolution.full.jpg
ascendant_evincar.jpg	http://mtgpics.chutography.com/10E/Ascendant%20Evincar.full.jpg
ascending_aven.jpg	http://mtgpics.chutography.com/ON/Ascending%20Aven.full.jpg
ashas_favor.jpg	http://mtgpics.chutography.com/CFX/Asha's%20Favor.full.jpg
ashcoat_bear.jpg	http://mtgpics.chutography.com/TSP/Ashcoat%20Bear.full.jpg
ashen_firebeast.jpg	http://mtgpics.chutography.com/OD/Ashen%20Firebeast.full.jpg
ashen_ghoul.jpg	http://mtgpics.chutography.com/IA/Ashen%20Ghoul.full.jpg
ashen_monstrosity.jpg	http://mtgpics.chutography.com/BOK/Ashen%20Monstrosity.full.jpg
ashen_powder.jpg	http://mtgpics.chutography.com/MI/Ashen%20Powder.full.jpg
ashen_skin_zubera.jpg	http://mtgpics.chutography.com/CHK/Ashen-Skin%20Zubera.full.jpg
ashenmoor_cohort.jpg	http://mtgpics.chutography.com/SHM/Ashenmoor%20Cohort.full.jpg
ashenmoor_gouger.jpg	http://mtgpics.chutography.com/SHM/Ashenmoor%20Gouger.full.jpg
ashenmoor_liege.jpg	http://mtgpics.chutography.com/SHM/Ashenmoor%20Liege.full.jpg
ashes_of_the_fallen.jpg	http://mtgpics.chutography.com/SOK/Ashes%20of%20the%20Fallen.full.jpg
ashes_to_ashes.jpg	http://mtgpics.chutography.com/DK/Ashes%20to%20Ashes.full.jpg
ashling_the_extinguisher.jpg	http://mtgpics.chutography.com/EVE/Ashling,%20the%20Extinguisher.full.jpg
ashling_the_pilgrim.jpg	http://mtgpics.chutography.com/LRW/Ashling%20the%20Pilgrim.full.jpg
ashlings_prerogative.jpg	http://mtgpics.chutography.com/LRW/Ashling's%20Prerogative.full.jpg
ashnod.jpg	http://mtgpics.chutography.com/VG/Ashnod.full.jpg
ashnods_altar.jpg	http://mtgpics.chutography.com/6E/Ashnod's%20Altar.full.jpg
ashnods_battle_gear.jpg	http://mtgpics.chutography.com/AQ/Ashnod's%20Battle%20Gear.full.jpg
ashnods_coupon.jpg	http://mtgpics.chutography.com/UG/Ashnod's%20Coupon.full.jpg
ashnods_cylix.jpg	http://mtgpics.chutography.com/AL/Ashnod's%20Cylix.full.jpg
ashnods_transmogrant.jpg	http://mtgpics.chutography.com/CH/Ashnod's%20Transmogrant.full.jpg
asmira_holy_avenger.jpg	http://mtgpics.chutography.com/MI/Asmira,%20Holy%20Avenger.full.jpg
aspect_of_mongoose.jpg	http://mtgpics.chutography.com/TSP/Aspect%20of%20Mongoose.full.jpg
aspect_of_wolf.jpg	http://mtgpics.chutography.com/5E/Aspect%20of%20Wolf.full.jpg
ass_whuppin.jpg	http://mtgpics.chutography.com/UNH/Ass%20Whuppin'.full.jpg
assassinate.jpg	http://mtgpics.chutography.com/M10/Assassinate.full.jpg
assassins_blade.jpg	http://mtgpics.chutography.com/PT/Assassin's%20Blade.full.jpg
assault_battery.jpg	http://mtgpics.chutography.com/HOP/Assault%20Battery.full.jpg
assault_zeppelid.jpg	http://mtgpics.chutography.com/DIS/Assault%20Zeppelid.full.jpg
assaultbattery.jpg	http://mtgpics.chutography.com/IN/AssaultBattery.full.jpg
assembly_hall.jpg	http://mtgpics.chutography.com/MM/Assembly%20Hall.full.jpg
assembly_worker.jpg	http://mtgpics.chutography.com/TSP/Assembly-Worker.full.jpg
assert_authority.jpg	http://mtgpics.chutography.com/MR/Assert%20Authority.full.jpg
assquatch.jpg	http://mtgpics.chutography.com/UNH/Assquatch.full.jpg
astral_slide.jpg	http://mtgpics.chutography.com/ON/Astral%20Slide.full.jpg
astral_steel.jpg	http://mtgpics.chutography.com/SC/Astral%20Steel.full.jpg
astrolabe.jpg	http://mtgpics.chutography.com/AL/Astrolabe1.full.jpg
aswan_jaguar.jpg	http://mtgpics.chutography.com/OV/Aswan%20Jaguar.full.jpg
atalya_samite_master.jpg	http://mtgpics.chutography.com/IN/Atalya,%20Samite%20Master.full.jpg
atinlay_igpay.jpg	http://mtgpics.chutography.com/UNH/Atinlay%20Igpay.full.jpg
atog.jpg	http://mtgpics.chutography.com/MR/Atog.full.jpg
atogatog.jpg	http://mtgpics.chutography.com/OD/Atogatog.full.jpg
attrition.jpg	http://mtgpics.chutography.com/UD/Attrition.full.jpg
attunement.jpg	http://mtgpics.chutography.com/US/Attunement.full.jpg
augur_il_vec.jpg	http://mtgpics.chutography.com/FUT/Augur%20il-Vec.full.jpg
augur_of_skulls.jpg	http://mtgpics.chutography.com/FUT/Augur%20of%20Skulls.full.jpg
augury_adept.jpg	http://mtgpics.chutography.com/SHM/Augury%20Adept.full.jpg
aunties_hovel.jpg	http://mtgpics.chutography.com/LRW/Auntie's%20Hovel.full.jpg
aunties_snitch.jpg	http://mtgpics.chutography.com/MOR/Auntie's%20Snitch.full.jpg
aura_barbs.jpg	http://mtgpics.chutography.com/BOK/Aura%20Barbs.full.jpg
aura_blast.jpg	http://mtgpics.chutography.com/PS/Aura%20Blast.full.jpg
aura_extraction.jpg	http://mtgpics.chutography.com/ON/Aura%20Extraction.full.jpg
aura_flux.jpg	http://mtgpics.chutography.com/UL/Aura%20Flux.full.jpg
aura_fracture.jpg	http://mtgpics.chutography.com/PY/Aura%20Fracture.full.jpg
aura_graft.jpg	http://mtgpics.chutography.com/10E/Aura%20Graft.full.jpg
aura_mutation.jpg	http://mtgpics.chutography.com/IN/Aura%20Mutation.full.jpg
aura_of_dominion.jpg	http://mtgpics.chutography.com/CHK/Aura%20of%20Dominion.full.jpg
aura_of_silence.jpg	http://mtgpics.chutography.com/10E/Aura%20of%20Silence.full.jpg
aura_shards.jpg	http://mtgpics.chutography.com/IN/Aura%20Shards.full.jpg
aura_thief.jpg	http://mtgpics.chutography.com/UD/Aura%20Thief.full.jpg
auramancer.jpg	http://mtgpics.chutography.com/OD/Auramancer.full.jpg
auramancers_guise.jpg	http://mtgpics.chutography.com/PLC/Auramancer's%20Guise.full.jpg
auratog.jpg	http://mtgpics.chutography.com/TE/Auratog.full.jpg
auratouched_mage.jpg	http://mtgpics.chutography.com/RAV/Auratouched%20Mage.full.jpg
aurification.jpg	http://mtgpics.chutography.com/ON/Aurification.full.jpg
auriok_bladewarden.jpg	http://mtgpics.chutography.com/MR/Auriok%20Bladewarden.full.jpg
auriok_champion.jpg	http://mtgpics.chutography.com/FD/Auriok%20Champion.full.jpg
auriok_glaivemaster.jpg	http://mtgpics.chutography.com/DS/Auriok%20Glaivemaster.full.jpg
auriok_salvagers.jpg	http://mtgpics.chutography.com/FD/Auriok%20Salvagers.full.jpg
auriok_siege_sled.jpg	http://mtgpics.chutography.com/DS/Auriok%20Siege%20Sled.full.jpg
auriok_steelshaper.jpg	http://mtgpics.chutography.com/MR/Auriok%20Steelshaper.full.jpg
auriok_transfixer.jpg	http://mtgpics.chutography.com/MR/Auriok%20Transfixer.full.jpg
auriok_windwalker.jpg	http://mtgpics.chutography.com/FD/Auriok%20Windwalker.full.jpg
aurochs.jpg	http://mtgpics.chutography.com/IA/Aurochs.full.jpg
aurochs_herd.jpg	http://mtgpics.chutography.com/CS/Aurochs%20Herd.full.jpg
aurora_eidolon.jpg	http://mtgpics.chutography.com/DIS/Aurora%20Eidolon.full.jpg
aurora_griffin.jpg	http://mtgpics.chutography.com/PS/Aurora%20Griffin.full.jpg
auspicious_ancestor.jpg	http://mtgpics.chutography.com/MI/Auspicious%20Ancestor.full.jpg
austere_command.jpg	http://mtgpics.chutography.com/LRW/Austere%20Command.full.jpg
autochthon_wurm.jpg	http://mtgpics.chutography.com/RAV/Autochthon%20Wurm.full.jpg
autumn_willow.jpg	http://mtgpics.chutography.com/HL/Autumn%20Willow.full.jpg
avalanche.jpg	http://mtgpics.chutography.com/IA/Avalanche.full.jpg
avalanche_riders.jpg	http://mtgpics.chutography.com/FNM/Avalanche%20Riders.full.jpg
avarax.jpg	http://mtgpics.chutography.com/ON/Avarax.full.jpg
avarice_totem.jpg	http://mtgpics.chutography.com/FD/Avarice%20Totem.full.jpg
avatar_of_discord.jpg	http://mtgpics.chutography.com/DIS/Avatar%20of%20Discord.full.jpg
avatar_of_fury.jpg	http://mtgpics.chutography.com/PY/Avatar%20of%20Fury.full.jpg
avatar_of_hope.jpg	http://mtgpics.chutography.com/8E/Avatar%20of%20Hope.full.jpg
avatar_of_me.jpg	http://mtgpics.chutography.com/UNH/Avatar%20of%20Me.full.jpg
avatar_of_might.jpg	http://mtgpics.chutography.com/10E/Avatar%20of%20Might.full.jpg
avatar_of_will.jpg	http://mtgpics.chutography.com/PY/Avatar%20of%20Will.full.jpg
avatar_of_woe.jpg	http://mtgpics.chutography.com/PY/Avatar%20of%20Woe.full.jpg
aven_archer.jpg	http://mtgpics.chutography.com/OD/Aven%20Archer.full.jpg
aven_augur.jpg	http://mtgpics.chutography.com/FUT/Aven%20Augur.full.jpg
aven_brigadier.jpg	http://mtgpics.chutography.com/ON/Aven%20Brigadier.full.jpg
aven_cloudchaser.jpg	http://mtgpics.chutography.com/10E/Aven%20Cloudchaser.full.jpg
aven_envoy.jpg	http://mtgpics.chutography.com/LE/Aven%20Envoy.full.jpg
aven_farseer.jpg	http://mtgpics.chutography.com/SC/Aven%20Farseer.full.jpg
aven_fateshaper.jpg	http://mtgpics.chutography.com/ON/Aven%20Fateshaper.full.jpg
aven_fisher.jpg	http://mtgpics.chutography.com/10E/Aven%20Fisher.full.jpg
aven_flock.jpg	http://mtgpics.chutography.com/9E/Aven%20Flock.full.jpg
aven_fogbringer.jpg	http://mtgpics.chutography.com/JU/Aven%20Fogbringer.full.jpg
aven_liberator.jpg	http://mtgpics.chutography.com/SC/Aven%20Liberator.full.jpg
aven_mimeomancer.jpg	http://mtgpics.chutography.com/ARB/Aven%20Mimeomancer.full.jpg
aven_mindcensor.jpg	http://mtgpics.chutography.com/FUT/Aven%20Mindcensor.full.jpg
aven_redeemer.jpg	http://mtgpics.chutography.com/LE/Aven%20Redeemer.full.jpg
aven_riftwatcher.jpg	http://mtgpics.chutography.com/PLC/Aven%20Riftwatcher.full.jpg
aven_shrine.jpg	http://mtgpics.chutography.com/OD/Aven%20Shrine.full.jpg
aven_smokeweaver.jpg	http://mtgpics.chutography.com/OD/Aven%20Smokeweaver.full.jpg
aven_soulgazer.jpg	http://mtgpics.chutography.com/ON/Aven%20Soulgazer.full.jpg
aven_squire.jpg	http://mtgpics.chutography.com/CFX/Aven%20Squire.full.jpg
aven_trailblazer.jpg	http://mtgpics.chutography.com/CFX/Aven%20Trailblazer.full.jpg
aven_trooper.jpg	http://mtgpics.chutography.com/TO/Aven%20Trooper.full.jpg
aven_warcraft.jpg	http://mtgpics.chutography.com/JU/Aven%20Warcraft.full.jpg
aven_warhawk.jpg	http://mtgpics.chutography.com/LE/Aven%20Warhawk.full.jpg
aven_windreader.jpg	http://mtgpics.chutography.com/10E/Aven%20Windreader.full.jpg
avenger_en_dal.jpg	http://mtgpics.chutography.com/NE/Avenger%20en-Dal.full.jpg
avenging_angel.jpg	http://mtgpics.chutography.com/TE/Avenging%20Angel.full.jpg
avenging_druid.jpg	http://mtgpics.chutography.com/EX/Avenging%20Druid.full.jpg
avian_changeling.jpg	http://mtgpics.chutography.com/LRW/Avian%20Changeling.full.jpg
avizoa.jpg	http://mtgpics.chutography.com/WL/Avizoa.full.jpg
avoid_fate.jpg	http://mtgpics.chutography.com/LG/Avoid%20Fate.full.jpg
awakener_druid.jpg	http://mtgpics.chutography.com/M10/Awakener%20Druid.full.jpg
awakening.jpg	http://mtgpics.chutography.com/SH/Awakening.full.jpg
awe_strike.jpg	http://mtgpics.chutography.com/MR/Awe%20Strike.full.jpg
awesome_presence.jpg	http://mtgpics.chutography.com/AL/Awesome%20Presence1.full.jpg
awol.jpg	http://mtgpics.chutography.com/UNH/AWOL.full.jpg
axegrinder_giant.jpg	http://mtgpics.chutography.com/LRW/Axegrinder%20Giant.full.jpg
axelrod_gunnarson.jpg	http://mtgpics.chutography.com/LG/Axelrod%20Gunnarson.full.jpg
ayesha_tanaka.jpg	http://mtgpics.chutography.com/LG/Ayesha%20Tanaka.full.jpg
aysen_abbey.jpg	http://mtgpics.chutography.com/HL/Aysen%20Abbey.full.jpg
aysen_bureaucrats.jpg	http://mtgpics.chutography.com/5E/Aysen%20Bureaucrats.full.jpg
aysen_crusader.jpg	http://mtgpics.chutography.com/HL/Aysen%20Crusader.full.jpg
aysen_highway.jpg	http://mtgpics.chutography.com/HL/Aysen%20Highway.full.jpg
ayumi_the_last_visitor.jpg	http://mtgpics.chutography.com/SOK/Ayumi,%20the%20Last%20Visitor.full.jpg
azami_lady_of_scrolls.jpg	http://mtgpics.chutography.com/CHK/Azami,%20Lady%20of%20Scrolls.full.jpg
azimaet_drake.jpg	http://mtgpics.chutography.com/MI/Azimaet%20Drake.full.jpg
azorius_aethermage.jpg	http://mtgpics.chutography.com/DIS/Azorius%20AEthermage.full.jpg
azorius_chancery.jpg	http://mtgpics.chutography.com/DIS/Azorius%20Chancery.full.jpg
azorius_first_wing.jpg	http://mtgpics.chutography.com/DIS/Azorius%20First-Wing.full.jpg
azorius_guildmage.jpg	http://mtgpics.chutography.com/DIS/Azorius%20Guildmage.full.jpg
azorius_herald.jpg	http://mtgpics.chutography.com/DIS/Azorius%20Herald.full.jpg
azorius_ploy.jpg	http://mtgpics.chutography.com/DIS/Azorius%20Ploy.full.jpg
azorius_signet.jpg	http://mtgpics.chutography.com/DIS/Azorius%20Signet.full.jpg
azure_drake.jpg	http://mtgpics.chutography.com/9E/Azure%20Drake.full.jpg
azusa_lost_but_seeking.jpg	http://mtgpics.chutography.com/CHK/Azusa,%20Lost%20but%20Seeking.full.jpg
