kabira_crossroads.jpg	http://pics.slightlymagic.net/ZEN/Kabira%20Crossroads.full.jpg
kabira_evangel.jpg	http://pics.slightlymagic.net/ZEN/Kabira%20Evangel.full.jpg
kaboom!.jpg	http://mtgpics.chutography.com/ON/Kaboom!.full.jpg
kabuto_moth.jpg	http://mtgpics.chutography.com/CHK/Kabuto%20Moth.full.jpg
kaervek_the_merciless.jpg	http://mtgpics.chutography.com/TSP/Kaervek%20the%20Merciless.full.jpg
kaerveks_hex.jpg	http://mtgpics.chutography.com/MI/Kaervek's%20Hex.full.jpg
kaerveks_purge.jpg	http://mtgpics.chutography.com/MI/Kaervek's%20Purge.full.jpg
kaerveks_spite.jpg	http://mtgpics.chutography.com/VI/Kaervek's%20Spite.full.jpg
kaerveks_torch.jpg	http://mtgpics.chutography.com/MI/Kaervek's%20Torch.full.jpg
kagemaro_first_to_suffer.jpg	http://mtgpics.chutography.com/SOK/Kagemaro,%20First%20to%20Suffer.full.jpg
kagemaros_clutch.jpg	http://mtgpics.chutography.com/SOK/Kagemaro's%20Clutch.full.jpg
kaho_minamo_historian.jpg	http://mtgpics.chutography.com/SOK/Kaho,%20Minamo%20Historian.full.jpg
kaijin_of_the_vanishing_touch.jpg	http://mtgpics.chutography.com/BOK/Kaijin%20of%20the%20Vanishing%20Touch.full.jpg
kaleidostone.jpg	http://mtgpics.chutography.com/CFX/Kaleidostone.full.jpg
kalitas_bloodchief_of_ghet.jpg	http://pics.slightlymagic.net/ZEN/Kalitas,%20Bloodchief%20of%20Ghet.full.jpg
kalonian_behemoth.jpg	http://mtgpics.chutography.com/M10/Kalonian%20Behemoth.full.jpg
kamahl_fist_of_krosa.jpg	http://mtgpics.chutography.com/ON/Kamahl,%20Fist%20of%20Krosa.full.jpg
kamahl_pit_fighter.jpg	http://mtgpics.chutography.com/10E/Kamahl,%20Pit%20Fighter.full.jpg
kamahls_desire.jpg	http://mtgpics.chutography.com/OD/Kamahl's%20Desire.full.jpg
kamahls_sledge.jpg	http://mtgpics.chutography.com/TO/Kamahl's%20Sledge.full.jpg
kamahls_summons.jpg	http://mtgpics.chutography.com/ON/Kamahl's%20Summons.full.jpg
kami_of_ancient_law.jpg	http://mtgpics.chutography.com/CHK/Kami%20of%20Ancient%20Law.full.jpg
kami_of_empty_graves.jpg	http://mtgpics.chutography.com/SOK/Kami%20of%20Empty%20Graves.full.jpg
kami_of_false_hope.jpg	http://mtgpics.chutography.com/BOK/Kami%20of%20False%20Hope.full.jpg
kami_of_fires_roar.jpg	http://mtgpics.chutography.com/CHK/Kami%20of%20Fire's%20Roar.full.jpg
kami_of_lunacy.jpg	http://mtgpics.chutography.com/CHK/Kami%20of%20Lunacy.full.jpg
kami_of_old_stone.jpg	http://mtgpics.chutography.com/9E/Kami%20of%20Old%20Stone.full.jpg
kami_of_tattered_shoji.jpg	http://mtgpics.chutography.com/BOK/Kami%20of%20Tattered%20Shoji.full.jpg
kami_of_the_crescent_moon.jpg	http://mtgpics.chutography.com/SOK/Kami%20of%20the%20Crescent%20Moon.full.jpg
kami_of_the_honored_dead.jpg	http://mtgpics.chutography.com/BOK/Kami%20of%20the%20Honored%20Dead.full.jpg
kami_of_the_hunt.jpg	http://mtgpics.chutography.com/CHK/Kami%20of%20the%20Hunt.full.jpg
kami_of_the_painted_road.jpg	http://mtgpics.chutography.com/CHK/Kami%20of%20the%20Painted%20Road.full.jpg
kami_of_the_palace_fields.jpg	http://mtgpics.chutography.com/CHK/Kami%20of%20the%20Palace%20Fields.full.jpg
kami_of_the_tended_garden.jpg	http://mtgpics.chutography.com/SOK/Kami%20of%20the%20Tended%20Garden.full.jpg
kami_of_the_waning_moon.jpg	http://mtgpics.chutography.com/CHK/Kami%20of%20the%20Waning%20Moon.full.jpg
kami_of_twisted_reflection.jpg	http://mtgpics.chutography.com/CHK/Kami%20of%20Twisted%20Reflection.full.jpg
kangee_aerie_keeper.jpg	http://mtgpics.chutography.com/IN/Kangee,%20Aerie%20Keeper.full.jpg
karakas.jpg	http://mtgpics.chutography.com/LG/Karakas.full.jpg
karma.jpg	http://mtgpics.chutography.com/8E/Karma.full.jpg
karmic_guide.jpg	http://mtgpics.chutography.com/UL/Karmic%20Guide.full.jpg
karmic_justice.jpg	http://mtgpics.chutography.com/OD/Karmic%20Justice.full.jpg
karn.jpg	http://mtgpics.chutography.com/VG/Karn.full.jpg
karn_silver_golem.jpg	http://mtgpics.chutography.com/US/Karn,%20Silver%20Golem.full.jpg
karns_touch.jpg	http://mtgpics.chutography.com/MM/Karn's%20Touch.full.jpg
karona_false_god.jpg	http://mtgpics.chutography.com/SC/Karona,%20False%20God.full.jpg
karonas_zealot.jpg	http://mtgpics.chutography.com/SC/Karona's%20Zealot.full.jpg
karoo.jpg	http://mtgpics.chutography.com/VI/Karoo.full.jpg
karoo_meerkat.jpg	http://mtgpics.chutography.com/MI/Karoo%20Meerkat.full.jpg
karplusan_forest.jpg	http://mtgpics.chutography.com/10E/Karplusan%20Forest.full.jpg
karplusan_giant.jpg	http://mtgpics.chutography.com/IA/Karplusan%20Giant.full.jpg
karplusan_minotaur.jpg	http://mtgpics.chutography.com/CS/Karplusan%20Minotaur.full.jpg
karplusan_strider.jpg	http://mtgpics.chutography.com/10E/Karplusan%20Strider.full.jpg
karplusan_wolverine.jpg	http://mtgpics.chutography.com/CS/Karplusan%20Wolverine.full.jpg
karplusan_yeti.jpg	http://mtgpics.chutography.com/9E/Karplusan%20Yeti.full.jpg
karrthus_tyrant_of_jund.jpg	http://mtgpics.chutography.com/ARB/Karrthus,%20Tyrant%20of%20Jund.full.jpg
karstoderm.jpg	http://mtgpics.chutography.com/DS/Karstoderm.full.jpg
kashi_tribe_elite.jpg	http://mtgpics.chutography.com/SOK/Kashi-Tribe%20Elite.full.jpg
kashi_tribe_reaver.jpg	http://mtgpics.chutography.com/CHK/Kashi-Tribe%20Reaver.full.jpg
kashi_tribe_warriors.jpg	http://mtgpics.chutography.com/CHK/Kashi-Tribe%20Warriors.full.jpg
kasimir_the_lone_wolf.jpg	http://mtgpics.chutography.com/LG/Kasimir%20the%20Lone%20Wolf.full.jpg
katabatic_winds.jpg	http://mtgpics.chutography.com/VI/Katabatic%20Winds.full.jpg
kataki_wars_wage.jpg	http://mtgpics.chutography.com/SOK/Kataki,%20War's%20Wage.full.jpg
kathari_bomber.jpg	http://mtgpics.chutography.com/ARB/Kathari%20Bomber.full.jpg
kathari_remnant.jpg	http://mtgpics.chutography.com/ARB/Kathari%20Remnant.full.jpg
kathari_screecher.jpg	http://mtgpics.chutography.com/ALA/Kathari%20Screecher.full.jpg
kavu_aggressor.jpg	http://mtgpics.chutography.com/IN/Kavu%20Aggressor.full.jpg
kavu_chameleon.jpg	http://mtgpics.chutography.com/IN/Kavu%20Chameleon.full.jpg
kavu_climber.jpg	http://mtgpics.chutography.com/10E/Kavu%20Climber.full.jpg
kavu_glider.jpg	http://mtgpics.chutography.com/AP/Kavu%20Glider.full.jpg
kavu_howler.jpg	http://mtgpics.chutography.com/AP/Kavu%20Howler.full.jpg
kavu_lair.jpg	http://mtgpics.chutography.com/IN/Kavu%20Lair.full.jpg
kavu_mauler.jpg	http://mtgpics.chutography.com/AP/Kavu%20Mauler.full.jpg
kavu_monarch.jpg	http://mtgpics.chutography.com/IN/Kavu%20Monarch.full.jpg
kavu_predator.jpg	http://mtgpics.chutography.com/PLC/Kavu%20Predator.full.jpg
kavu_primarch.jpg	http://mtgpics.chutography.com/FUT/Kavu%20Primarch.full.jpg
kavu_recluse.jpg	http://mtgpics.chutography.com/PS/Kavu%20Recluse.full.jpg
kavu_runner.jpg	http://mtgpics.chutography.com/IN/Kavu%20Runner.full.jpg
kavu_scout.jpg	http://mtgpics.chutography.com/IN/Kavu%20Scout.full.jpg
kavu_titan.jpg	http://mtgpics.chutography.com/IN/Kavu%20Titan.full.jpg
kaysa.jpg	http://mtgpics.chutography.com/AL/Kaysa.full.jpg
kazandu_blademaster.jpg	http://pics.slightlymagic.net/ZEN/Kazandu%20Blademaster.full.jpg
kazandu_refuge.jpg	http://pics.slightlymagic.net/ZEN/Kazandu%20Refuge.full.jpg
kazuul_warlord.jpg	http://pics.slightlymagic.net/ZEN/Kazuul%20Warlord.full.jpg
kederekt_creeper.jpg	http://mtgpics.chutography.com/ALA/Kederekt%20Creeper.full.jpg
kederekt_leviathan.jpg	http://mtgpics.chutography.com/ALA/Kederekt%20Leviathan.full.jpg
kederekt_parasite.jpg	http://mtgpics.chutography.com/CFX/Kederekt%20Parasite.full.jpg
keen_eyed_archers.jpg	http://mtgpics.chutography.com/PT/Keen-Eyed%20Archers.full.jpg
keen_sense.jpg	http://mtgpics.chutography.com/PLC/Keen%20Sense.full.jpg
keeneye_aven.jpg	http://mtgpics.chutography.com/LE/Keeneye%20Aven.full.jpg
keening_banshee.jpg	http://mtgpics.chutography.com/RAV/Keening%20Banshee.full.jpg
keep_watch.jpg	http://mtgpics.chutography.com/JU/Keep%20Watch.full.jpg
keeper_of_kookus.jpg	http://mtgpics.chutography.com/VI/Keeper%20of%20Kookus.full.jpg
keeper_of_progenitus.jpg	http://mtgpics.chutography.com/ALA/Keeper%20of%20Progenitus.full.jpg
keeper_of_the_beasts.jpg	http://mtgpics.chutography.com/EX/Keeper%20of%20the%20Beasts.full.jpg
keeper_of_the_dead.jpg	http://mtgpics.chutography.com/EX/Keeper%20of%20the%20Dead.full.jpg
keeper_of_the_flame.jpg	http://mtgpics.chutography.com/EX/Keeper%20of%20the%20Flame.full.jpg
keeper_of_the_light.jpg	http://mtgpics.chutography.com/EX/Keeper%20of%20the%20Light.full.jpg
keeper_of_the_mind.jpg	http://mtgpics.chutography.com/EX/Keeper%20of%20the%20Mind.full.jpg
keeper_of_the_nine_gales.jpg	http://mtgpics.chutography.com/LE/Keeper%20of%20the%20Nine%20Gales.full.jpg
keeper_of_the_sacred_word.jpg	http://mtgpics.chutography.com/UNH/Keeper%20of%20the%20Sacred%20Word.full.jpg
keeper_of_tresserhorn.jpg	http://mtgpics.chutography.com/AL/Keeper%20of%20Tresserhorn.full.jpg
keepers_of_the_faith.jpg	http://mtgpics.chutography.com/LG/Keepers%20of%20the%20Faith.full.jpg
kei_takahashi.jpg	http://mtgpics.chutography.com/LG/Kei%20Takahashi.full.jpg
keiga_the_tide_star.jpg	http://mtgpics.chutography.com/CHK/Keiga,%20the%20Tide%20Star.full.jpg
keldon_arsonist.jpg	http://mtgpics.chutography.com/PY/Keldon%20Arsonist.full.jpg
keldon_battlewagon.jpg	http://mtgpics.chutography.com/PY/Keldon%20Battlewagon.full.jpg
keldon_berserker.jpg	http://mtgpics.chutography.com/PY/Keldon%20Berserker.full.jpg
keldon_champion.jpg	http://mtgpics.chutography.com/UD/Keldon%20Champion.full.jpg
keldon_firebombers.jpg	http://mtgpics.chutography.com/PY/Keldon%20Firebombers.full.jpg
keldon_halberdier.jpg	http://mtgpics.chutography.com/TSP/Keldon%20Halberdier.full.jpg
keldon_mantle.jpg	http://mtgpics.chutography.com/PS/Keldon%20Mantle.full.jpg
keldon_marauders.jpg	http://mtgpics.chutography.com/PLC/Keldon%20Marauders.full.jpg
keldon_megaliths.jpg	http://mtgpics.chutography.com/FUT/Keldon%20Megaliths.full.jpg
keldon_necropolis.jpg	http://mtgpics.chutography.com/IN/Keldon%20Necropolis.full.jpg
keldon_twilight.jpg	http://mtgpics.chutography.com/PS/Keldon%20Twilight.full.jpg
keldon_vandals.jpg	http://mtgpics.chutography.com/UD/Keldon%20Vandals.full.jpg
keldon_warlord.jpg	http://mtgpics.chutography.com/5E/Keldon%20Warlord.full.jpg
kelinore_bat.jpg	http://mtgpics.chutography.com/M10/Kelinore%20Bat.full.jpg
kelsinko_ranger.jpg	http://mtgpics.chutography.com/IA/Kelsinko%20Ranger.full.jpg
kemuri_onna.jpg	http://mtgpics.chutography.com/SOK/Kemuri-Onna.full.jpg
kentaro_the_smiling_cat.jpg	http://mtgpics.chutography.com/BOK/Kentaro,%20the%20Smiling%20Cat.full.jpg
kezzerdrix.jpg	http://mtgpics.chutography.com/TE/Kezzerdrix.full.jpg
khabal_ghoul.jpg	http://mtgpics.chutography.com/AN/Khabal%20Ghoul.full.jpg
khalni_gem.jpg	http://pics.slightlymagic.net/ZEN/Khalni%20Gem.full.jpg
khalni_heart_expedition.jpg	http://pics.slightlymagic.net/ZEN/Khalni%20Heart%20Expedition.full.jpg
kher_keep.jpg	http://mtgpics.chutography.com/TSP/Kher%20Keep.full.jpg
kiki_jiki_mirror_breaker.jpg	http://mtgpics.chutography.com/CHK/Kiki-Jiki,%20Mirror%20Breaker.full.jpg
kiku_nights_flower.jpg	http://mtgpics.chutography.com/CHK/Kiku,%20Night's%20Flower.full.jpg
kikus_shadow.jpg	http://mtgpics.chutography.com/SOK/Kiku's%20Shadow.full.jpg
kill!_destroy!.jpg	http://mtgpics.chutography.com/UNH/Kill!%20Destroy!.full.jpg
kill_suit_cultist.jpg	http://mtgpics.chutography.com/DIS/Kill-Suit%20Cultist.full.jpg
kill_switch.jpg	http://mtgpics.chutography.com/NE/Kill%20Switch.full.jpg
killer_bees.jpg	http://mtgpics.chutography.com/LG/Killer%20Bees.full.jpg
killer_instinct.jpg	http://mtgpics.chutography.com/GP/Killer%20Instinct.full.jpg
killer_whale.jpg	http://mtgpics.chutography.com/EX/Killer%20Whale.full.jpg
kilnmouth_dragon.jpg	http://mtgpics.chutography.com/LE/Kilnmouth%20Dragon.full.jpg
kindle.jpg	http://mtgpics.chutography.com/TE/Kindle.full.jpg
kindle_the_carnage.jpg	http://mtgpics.chutography.com/DIS/Kindle%20the%20Carnage.full.jpg
kindled_fury.jpg	http://mtgpics.chutography.com/M10/Kindled%20Fury.full.jpg
king_cheetah.jpg	http://mtgpics.chutography.com/9E/King%20Cheetah.full.jpg
king_crab.jpg	http://mtgpics.chutography.com/UL/King%20Crab.full.jpg
king_suleiman.jpg	http://mtgpics.chutography.com/AN/King%20Suleiman.full.jpg
kingfisher.jpg	http://mtgpics.chutography.com/UD/Kingfisher.full.jpg
kings_assassin.jpg	http://mtgpics.chutography.com/PT/King's%20Assassin.full.jpg
kinsbaile_balloonist.jpg	http://mtgpics.chutography.com/LRW/Kinsbaile%20Balloonist.full.jpg
kinsbaile_borderguard.jpg	http://mtgpics.chutography.com/MOR/Kinsbaile%20Borderguard.full.jpg
kinsbaile_cavalier.jpg	http://mtgpics.chutography.com/MOR/Kinsbaile%20Cavalier.full.jpg
kinsbaile_skirmisher.jpg	http://mtgpics.chutography.com/LRW/Kinsbaile%20Skirmisher.full.jpg
kinscaer_harpoonist.jpg	http://mtgpics.chutography.com/SHM/Kinscaer%20Harpoonist.full.jpg
kira_great_glass_spinner.jpg	http://mtgpics.chutography.com/BOK/Kira,%20Great%20Glass-Spinner.full.jpg
kird_ape.jpg	http://mtgpics.chutography.com/9E/Kird%20Ape.full.jpg
kiri_onna.jpg	http://mtgpics.chutography.com/SOK/Kiri-Onna.full.jpg
kirtars_desire.jpg	http://mtgpics.chutography.com/OD/Kirtar's%20Desire.full.jpg
kirtars_wrath.jpg	http://mtgpics.chutography.com/OD/Kirtar's%20Wrath.full.jpg
kismet.jpg	http://mtgpics.chutography.com/LG/Kismet.full.jpg
kiss_of_death.jpg	http://mtgpics.chutography.com/P2/Kiss%20of%20Death.full.jpg
kiss_of_the_amesha.jpg	http://mtgpics.chutography.com/ALA/Kiss%20of%20the%20Amesha.full.jpg
kitchen_finks.jpg	http://mtgpics.chutography.com/SHM/Kitchen%20Finks.full.jpg
kithkin_armor.jpg	http://mtgpics.chutography.com/WL/Kithkin%20Armor.full.jpg
kithkin_daggerdare.jpg	http://mtgpics.chutography.com/LRW/Kithkin%20Daggerdare.full.jpg
kithkin_greatheart.jpg	http://mtgpics.chutography.com/LRW/Kithkin%20Greatheart.full.jpg
kithkin_harbinger.jpg	http://mtgpics.chutography.com/LRW/Kithkin%20Harbinger.full.jpg
kithkin_healer.jpg	http://mtgpics.chutography.com/LRW/Kithkin%20Healer.full.jpg
kithkin_mourncaller.jpg	http://mtgpics.chutography.com/LRW/Kithkin%20Mourncaller.full.jpg
kithkin_rabble.jpg	http://mtgpics.chutography.com/SHM/Kithkin%20Rabble.full.jpg
kithkin_shielddare.jpg	http://mtgpics.chutography.com/SHM/Kithkin%20Shielddare.full.jpg
kithkin_spellduster.jpg	http://mtgpics.chutography.com/EVE/Kithkin%20Spellduster.full.jpg
kithkin_zealot.jpg	http://mtgpics.chutography.com/EVE/Kithkin%20Zealot.full.jpg
kithkin_zephyrnaut.jpg	http://mtgpics.chutography.com/MOR/Kithkin%20Zephyrnaut.full.jpg
kitsune_blademaster.jpg	http://mtgpics.chutography.com/CHK/Kitsune%20Blademaster.full.jpg
kitsune_bonesetter.jpg	http://mtgpics.chutography.com/SOK/Kitsune%20Bonesetter.full.jpg
kitsune_dawnblade.jpg	http://mtgpics.chutography.com/SOK/Kitsune%20Dawnblade.full.jpg
kitsune_diviner.jpg	http://mtgpics.chutography.com/CHK/Kitsune%20Diviner.full.jpg
kitsune_healer.jpg	http://mtgpics.chutography.com/CHK/Kitsune%20Healer.full.jpg
kitsune_loreweaver.jpg	http://mtgpics.chutography.com/SOK/Kitsune%20Loreweaver.full.jpg
kitsune_mystic.jpg	http://mtgpics.chutography.com/CHK/Kitsune%20Mystic.full.jpg
kitsune_palliator.jpg	http://mtgpics.chutography.com/BOK/Kitsune%20Palliator.full.jpg
kitsune_riftwalker.jpg	http://mtgpics.chutography.com/CHK/Kitsune%20Riftwalker.full.jpg
kiyomaro_first_to_stand.jpg	http://mtgpics.chutography.com/SOK/Kiyomaro,%20First%20to%20Stand.full.jpg
kjeldoran_dead.jpg	http://mtgpics.chutography.com/6E/Kjeldoran%20Dead.full.jpg
kjeldoran_elite_guard.jpg	http://mtgpics.chutography.com/IA/Kjeldoran%20Elite%20Guard.full.jpg
kjeldoran_escort.jpg	http://mtgpics.chutography.com/AL/Kjeldoran%20Escort1.full.jpg
kjeldoran_frostbeast.jpg	http://mtgpics.chutography.com/IA/Kjeldoran%20Frostbeast.full.jpg
kjeldoran_gargoyle.jpg	http://mtgpics.chutography.com/CS/Kjeldoran%20Gargoyle.full.jpg
kjeldoran_guard.jpg	http://mtgpics.chutography.com/IA/Kjeldoran%20Guard.full.jpg
kjeldoran_home_guard.jpg	http://mtgpics.chutography.com/AL/Kjeldoran%20Home%20Guard.full.jpg
kjeldoran_javelineer.jpg	http://mtgpics.chutography.com/CS/Kjeldoran%20Javelineer.full.jpg
kjeldoran_knight.jpg	http://mtgpics.chutography.com/IA/Kjeldoran%20Knight.full.jpg
kjeldoran_outpost.jpg	http://mtgpics.chutography.com/AL/Kjeldoran%20Outpost.full.jpg
kjeldoran_outrider.jpg	http://mtgpics.chutography.com/CS/Kjeldoran%20Outrider.full.jpg
kjeldoran_phalanx.jpg	http://mtgpics.chutography.com/IA/Kjeldoran%20Phalanx.full.jpg
kjeldoran_pride.jpg	http://mtgpics.chutography.com/CST/Kjeldoran%20Pride.full.jpg
kjeldoran_royal_guard.jpg	http://mtgpics.chutography.com/10E/Kjeldoran%20Royal%20Guard.full.jpg
kjeldoran_skycaptain.jpg	http://mtgpics.chutography.com/IA/Kjeldoran%20Skycaptain.full.jpg
kjeldoran_skyknight.jpg	http://mtgpics.chutography.com/IA/Kjeldoran%20Skyknight.full.jpg
kjeldoran_war_cry.jpg	http://mtgpics.chutography.com/CS/Kjeldoran%20War%20Cry.full.jpg
kjeldoran_warrior.jpg	http://mtgpics.chutography.com/IA/Kjeldoran%20Warrior.full.jpg
knacksaw_clique.jpg	http://mtgpics.chutography.com/SHM/Knacksaw%20Clique.full.jpg
knight_captain_of_eos.jpg	http://mtgpics.chutography.com/ALA/Knight-Captain%20of%20Eos.full.jpg
knight_errant.jpg	http://mtgpics.chutography.com/7E/Knight%20Errant.full.jpg
knight_of_dawn.jpg	http://mtgpics.chutography.com/TE/Knight%20of%20Dawn.full.jpg
knight_of_dusk.jpg	http://mtgpics.chutography.com/10E/Knight%20of%20Dusk.full.jpg
knight_of_meadowgrain.jpg	http://mtgpics.chutography.com/LRW/Knight%20of%20Meadowgrain.full.jpg
knight_of_new_alara.jpg	http://mtgpics.chutography.com/ARB/Knight%20of%20New%20Alara.full.jpg
knight_of_stromgald.jpg	http://mtgpics.chutography.com/IA/Knight%20of%20Stromgald.full.jpg
knight_of_sursi.jpg	http://mtgpics.chutography.com/FUT/Knight%20of%20Sursi.full.jpg
knight_of_the_hokey_pokey.jpg	http://mtgpics.chutography.com/UG/Knight%20of%20the%20Hokey%20Pokey.full.jpg
knight_of_the_holy_nimbus.jpg	http://mtgpics.chutography.com/TSP/Knight%20of%20the%20Holy%20Nimbus.full.jpg
knight_of_the_mists.jpg	http://mtgpics.chutography.com/VI/Knight%20of%20the%20Mists.full.jpg
knight_of_the_reliquary.jpg	http://mtgpics.chutography.com/CFX/Knight%20of%20the%20Reliquary.full.jpg
knight_of_the_skyward_eye.jpg	http://mtgpics.chutography.com/ALA/Knight%20of%20the%20Skyward%20Eye.full.jpg
knight_of_the_white_orchid.jpg	http://mtgpics.chutography.com/ALA/Knight%20of%20the%20White%20Orchid.full.jpg
knight_of_valor.jpg	http://mtgpics.chutography.com/VI/Knight%20of%20Valor.full.jpg
knighthood.jpg	http://mtgpics.chutography.com/7E/Knighthood.full.jpg
knights_of_thorn.jpg	http://mtgpics.chutography.com/DK/Knights%20of%20Thorn.full.jpg
knollspine_dragon.jpg	http://mtgpics.chutography.com/SHM/Knollspine%20Dragon.full.jpg
knollspine_invocation.jpg	http://mtgpics.chutography.com/SHM/Knollspine%20Invocation.full.jpg
knotvine_mystic.jpg	http://mtgpics.chutography.com/CFX/Knotvine%20Mystic.full.jpg
knotvine_paladin.jpg	http://mtgpics.chutography.com/ARB/Knotvine%20Paladin.full.jpg
knowledge_exploitation.jpg	http://mtgpics.chutography.com/MOR/Knowledge%20Exploitation.full.jpg
knowledge_vault.jpg	http://mtgpics.chutography.com/LG/Knowledge%20Vault.full.jpg
knucklebone_witch.jpg	http://mtgpics.chutography.com/LRW/Knucklebone%20Witch.full.jpg
kobold_drill_sergeant.jpg	http://mtgpics.chutography.com/LG/Kobold%20Drill%20Sergeant.full.jpg
kobold_overlord.jpg	http://mtgpics.chutography.com/LG/Kobold%20Overlord.full.jpg
kobold_taskmaster.jpg	http://mtgpics.chutography.com/LG/Kobold%20Taskmaster.full.jpg
kobolds_of_kher_keep.jpg	http://mtgpics.chutography.com/LG/Kobolds%20of%20Kher%20Keep.full.jpg
kodama_of_the_center_tree.jpg	http://mtgpics.chutography.com/BOK/Kodama%20of%20the%20Center%20Tree.full.jpg
kodama_of_the_north_tree.jpg	http://mtgpics.chutography.com/CHK/Kodama%20of%20the%20North%20Tree.full.jpg
kodama_of_the_south_tree.jpg	http://mtgpics.chutography.com/CHK/Kodama%20of%20the%20South%20Tree.full.jpg
kodamas_might.jpg	http://mtgpics.chutography.com/CHK/Kodama's%20Might.full.jpg
kodamas_reach.jpg	http://mtgpics.chutography.com/CHK/Kodama's%20Reach.full.jpg
kokusho_the_evening_star.jpg	http://mtgpics.chutography.com/DRB/Kokusho,%20the%20Evening%20Star.full.jpg
konda_lord_of_eiganjo.jpg	http://mtgpics.chutography.com/CHK/Konda,%20Lord%20of%20Eiganjo.full.jpg
kondas_banner.jpg	http://mtgpics.chutography.com/CHK/Konda's%20Banner.full.jpg
kondas_hatamoto.jpg	http://mtgpics.chutography.com/CHK/Konda's%20Hatamoto.full.jpg
kongming_sleeping_dragon.jpg	http://mtgpics.chutography.com/P3/Kongming,%20Sleeping%20Dragon.full.jpg
kongmings_contraptions.jpg	http://mtgpics.chutography.com/P3/Kongming's%20Contraptions.full.jpg
kookus.jpg	http://mtgpics.chutography.com/VI/Kookus.full.jpg
kor_aeronaut.jpg	http://pics.slightlymagic.net/ZEN/Kor%20Aeronaut.full.jpg
kor_cartographer.jpg	http://pics.slightlymagic.net/ZEN/Kor%20Cartographer.full.jpg
kor_chant.jpg	http://mtgpics.chutography.com/EX/Kor%20Chant.full.jpg
kor_dirge.jpg	http://mtgpics.chutography.com/PLC/Kor%20Dirge.full.jpg
kor_duelist.jpg	http://pics.slightlymagic.net/ZEN/Kor%20Duelist.full.jpg
kor_haven.jpg	http://mtgpics.chutography.com/NE/Kor%20Haven.full.jpg
kor_hookmaster.jpg	http://pics.slightlymagic.net/ZEN/Kor%20Hookmaster.full.jpg
kor_outfitter.jpg	http://pics.slightlymagic.net/ZEN/Kor%20Outfitter.full.jpg
kor_sanctifiers.jpg	http://mtgpics.chutography.com/HOP/Kor%20Sanctifiers.full.jpg
kor_skyfisher.jpg	http://pics.slightlymagic.net/ZEN/Kor%20Skyfisher.full.jpg
korlash_heir_to_blackblade.jpg	http://mtgpics.chutography.com/FUT/Korlash,%20Heir%20to%20Blackblade.full.jpg
kormus_bell.jpg	http://mtgpics.chutography.com/4E/Kormus%20Bell.full.jpg
koskun_falls.jpg	http://mtgpics.chutography.com/HL/Koskun%20Falls.full.jpg
koskun_keep.jpg	http://mtgpics.chutography.com/HL/Koskun%20Keep.full.jpg
kraken_hatchling.jpg	http://pics.slightlymagic.net/ZEN/Kraken%20Hatchling.full.jpg
krakens_eye.jpg	http://mtgpics.chutography.com/M10/Kraken's%20Eye.full.jpg
krakilin.jpg	http://mtgpics.chutography.com/TE/Krakilin.full.jpg
kranioceros.jpg	http://mtgpics.chutography.com/CFX/Kranioceros.full.jpg
krark_clan_engineers.jpg	http://mtgpics.chutography.com/FD/Krark-Clan%20Engineers.full.jpg
krark_clan_grunt.jpg	http://mtgpics.chutography.com/MR/Krark-Clan%20Grunt.full.jpg
krark_clan_ironworks.jpg	http://mtgpics.chutography.com/FD/Krark-Clan%20Ironworks.full.jpg
krark_clan_ogre.jpg	http://mtgpics.chutography.com/FD/Krark-Clan%20Ogre.full.jpg
krark_clan_shaman.jpg	http://mtgpics.chutography.com/MR/Krark-Clan%20Shaman.full.jpg
krark_clan_stoker.jpg	http://mtgpics.chutography.com/DS/Krark-Clan%20Stoker.full.jpg
krarks_thumb.jpg	http://mtgpics.chutography.com/MR/Krark's%20Thumb.full.jpg
krazy_kow.jpg	http://mtgpics.chutography.com/UG/Krazy%20Kow.full.jpg
kresh_the_bloodbraided.jpg	http://mtgpics.chutography.com/ALA/Kresh%20the%20Bloodbraided.full.jpg
kris_mage.jpg	http://mtgpics.chutography.com/MM/Kris%20Mage.full.jpg
krosan_archer.jpg	http://mtgpics.chutography.com/OD/Krosan%20Archer.full.jpg
krosan_avenger.jpg	http://mtgpics.chutography.com/OD/Krosan%20Avenger.full.jpg
krosan_beast.jpg	http://mtgpics.chutography.com/OD/Krosan%20Beast.full.jpg
krosan_cloudscraper.jpg	http://mtgpics.chutography.com/LE/Krosan%20Cloudscraper.full.jpg
krosan_colossus.jpg	http://mtgpics.chutography.com/ON/Krosan%20Colossus.full.jpg
krosan_constrictor.jpg	http://mtgpics.chutography.com/TO/Krosan%20Constrictor.full.jpg
krosan_drover.jpg	http://mtgpics.chutography.com/SC/Krosan%20Drover.full.jpg
krosan_grip.jpg	http://mtgpics.chutography.com/TSP/Krosan%20Grip.full.jpg
krosan_groundshaker.jpg	http://mtgpics.chutography.com/ON/Krosan%20Groundshaker.full.jpg
krosan_reclamation.jpg	http://mtgpics.chutography.com/JU/Krosan%20Reclamation.full.jpg
krosan_restorer.jpg	http://mtgpics.chutography.com/TO/Krosan%20Restorer.full.jpg
krosan_tusker.jpg	http://mtgpics.chutography.com/ON/Krosan%20Tusker.full.jpg
krosan_verge.jpg	http://mtgpics.chutography.com/JU/Krosan%20Verge.full.jpg
krosan_vorine.jpg	http://mtgpics.chutography.com/LE/Krosan%20Vorine.full.jpg
krosan_warchief.jpg	http://mtgpics.chutography.com/SC/Krosan%20Warchief.full.jpg
krosan_wayfarer.jpg	http://mtgpics.chutography.com/JU/Krosan%20Wayfarer.full.jpg
krovikan_elementalist.jpg	http://mtgpics.chutography.com/IA/Krovikan%20Elementalist.full.jpg
krovikan_fetish.jpg	http://mtgpics.chutography.com/5E/Krovikan%20Fetish.full.jpg
krovikan_horror.jpg	http://mtgpics.chutography.com/AL/Krovikan%20Horror.full.jpg
krovikan_mist.jpg	http://mtgpics.chutography.com/CS/Krovikan%20Mist.full.jpg
krovikan_plague.jpg	http://mtgpics.chutography.com/AL/Krovikan%20Plague.full.jpg
krovikan_rot.jpg	http://mtgpics.chutography.com/CS/Krovikan%20Rot.full.jpg
krovikan_scoundrel.jpg	http://mtgpics.chutography.com/CS/Krovikan%20Scoundrel.full.jpg
krovikan_sorcerer.jpg	http://mtgpics.chutography.com/5E/Krovikan%20Sorcerer.full.jpg
krovikan_vampire.jpg	http://mtgpics.chutography.com/IA/Krovikan%20Vampire.full.jpg
krovikan_whispers.jpg	http://mtgpics.chutography.com/CS/Krovikan%20Whispers.full.jpg
kry_shield.jpg	http://mtgpics.chutography.com/LG/Kry%20Shield.full.jpg
kudzu.jpg	http://mtgpics.chutography.com/U/Kudzu.full.jpg
kukemssa_pirates.jpg	http://mtgpics.chutography.com/MI/Kukemssa%20Pirates.full.jpg
kukemssa_serpent.jpg	http://mtgpics.chutography.com/MI/Kukemssa%20Serpent.full.jpg
kulrath_knight.jpg	http://mtgpics.chutography.com/SHM/Kulrath%20Knight.full.jpg
kumano_master_yamabushi.jpg	http://mtgpics.chutography.com/CHK/Kumano,%20Master%20Yamabushi.full.jpg
kumanos_blessing.jpg	http://mtgpics.chutography.com/BOK/Kumano's%20Blessing.full.jpg
kumanos_pupils.jpg	http://mtgpics.chutography.com/CHK/Kumano's%20Pupils.full.jpg
kuon_ogre_ascendant.jpg	http://mtgpics.chutography.com/SOK/Kuon,%20Ogre%20Ascendant.full.jpg
kurgadon.jpg	http://mtgpics.chutography.com/SC/Kurgadon.full.jpg
kuro_pitlord.jpg	http://mtgpics.chutography.com/CHK/Kuro,%20Pitlord.full.jpg
kuros_taken.jpg	http://mtgpics.chutography.com/SOK/Kuro's%20Taken.full.jpg
kusari_gama.jpg	http://mtgpics.chutography.com/CHK/Kusari-Gama.full.jpg
kyoki_sanitys_eclipse.jpg	http://mtgpics.chutography.com/BOK/Kyoki,%20Sanity's%20Eclipse.full.jpg
kyren_archive.jpg	http://mtgpics.chutography.com/MM/Kyren%20Archive.full.jpg
kyren_glider.jpg	http://mtgpics.chutography.com/MM/Kyren%20Glider.full.jpg
kyren_legate.jpg	http://mtgpics.chutography.com/MM/Kyren%20Legate.full.jpg
kyren_negotiations.jpg	http://mtgpics.chutography.com/MM/Kyren%20Negotiations.full.jpg
kyren_sniper.jpg	http://mtgpics.chutography.com/MM/Kyren%20Sniper.full.jpg
kyren_toy.jpg	http://mtgpics.chutography.com/MM/Kyren%20Toy.full.jpg
kyscu_drake.jpg	http://mtgpics.chutography.com/VI/Kyscu%20Drake.full.jpg