pacifism.jpg	http://mtgpics.chutography.com/M10/Pacifism.full.jpg
pack_hunt.jpg	http://mtgpics.chutography.com/NE/Pack%20Hunt.full.jpg
packs_disdain.jpg	http://mtgpics.chutography.com/MOR/Pack's%20Disdain.full.jpg
pact_of_negation.jpg	http://mtgpics.chutography.com/FUT/Pact%20of%20Negation.full.jpg
pact_of_the_titan.jpg	http://mtgpics.chutography.com/FUT/Pact%20of%20the%20Titan.full.jpg
pain_kami.jpg	http://mtgpics.chutography.com/CHK/Pain%20Kami.full.jpg
pain_magnification.jpg	http://mtgpics.chutography.com/DIS/Pain%20Magnification.full.jpg
painbringer.jpg	http://mtgpics.chutography.com/OD/Painbringer.full.jpg
painful_memories.jpg	http://mtgpics.chutography.com/MI/Painful%20Memories.full.jpg
pains_reward.jpg	http://mtgpics.chutography.com/SOK/Pain's%20Reward.full.jpg
painsuffering.jpg	http://mtgpics.chutography.com/IN/PainSuffering.full.jpg
painters_servant.jpg	http://mtgpics.chutography.com/SHM/Painter's%20Servant.full.jpg
painwracker_oni.jpg	http://mtgpics.chutography.com/CHK/Painwracker%20Oni.full.jpg
palace_guard.jpg	http://mtgpics.chutography.com/M10/Palace%20Guard.full.jpg
paladin_en_vec.jpg	http://mtgpics.chutography.com/10E/Paladin%20en-Vec.full.jpg
paladin_of_prahv.jpg	http://mtgpics.chutography.com/DIS/Paladin%20of%20Prahv.full.jpg
pale_bears.jpg	http://mtgpics.chutography.com/IA/Pale%20Bears.full.jpg
pale_moon.jpg	http://mtgpics.chutography.com/NE/Pale%20Moon.full.jpg
pale_recluse.jpg	http://mtgpics.chutography.com/ARB/Pale%20Recluse.full.jpg
pale_wayfarer.jpg	http://mtgpics.chutography.com/SHM/Pale%20Wayfarer.full.jpg
paleoloth.jpg	http://mtgpics.chutography.com/CFX/Paleoloth.full.jpg
palinchron.jpg	http://mtgpics.chutography.com/UL/Palinchron.full.jpg
palladia_mors.jpg	http://mtgpics.chutography.com/LG/Palladia-Mors.full.jpg
palliation_accord.jpg	http://mtgpics.chutography.com/DIS/Palliation%20Accord.full.jpg
pallid_mycoderm.jpg	http://mtgpics.chutography.com/PLC/Pallid%20Mycoderm.full.jpg
pallimud.jpg	http://mtgpics.chutography.com/TE/Pallimud.full.jpg
panacea.jpg	http://mtgpics.chutography.com/MM/Panacea.full.jpg
pandemonium.jpg	http://mtgpics.chutography.com/EX/Pandemonium.full.jpg
pang_tong_young_phoenix.jpg	http://mtgpics.chutography.com/P3/Pang%20Tong,%20Young%20Phoenix.full.jpg
panglacial_wurm.jpg	http://mtgpics.chutography.com/CS/Panglacial%20Wurm.full.jpg
pangosaur.jpg	http://mtgpics.chutography.com/MM/Pangosaur.full.jpg
panic.jpg	http://mtgpics.chutography.com/5E/Panic.full.jpg
panic_attack.jpg	http://mtgpics.chutography.com/M10/Panic%20Attack.full.jpg
panoptic_mirror.jpg	http://mtgpics.chutography.com/DS/Panoptic%20Mirror.full.jpg
panther_warriors.jpg	http://mtgpics.chutography.com/6E/Panther%20Warriors.full.jpg
paper_tiger.jpg	http://mtgpics.chutography.com/UG/Paper%20Tiger.full.jpg
paperfin_rascal.jpg	http://mtgpics.chutography.com/LRW/Paperfin%20Rascal.full.jpg
paradigm_shift.jpg	http://mtgpics.chutography.com/WL/Paradigm%20Shift.full.jpg
paradise_mantle.jpg	http://mtgpics.chutography.com/FD/Paradise%20Mantle.full.jpg
paradise_plume.jpg	http://mtgpics.chutography.com/TSP/Paradise%20Plume.full.jpg
paradox_haze.jpg	http://mtgpics.chutography.com/TSP/Paradox%20Haze.full.jpg
paragon_of_the_amesha.jpg	http://mtgpics.chutography.com/CFX/Paragon%20of%20the%20Amesha.full.jpg
parallax_dementia.jpg	http://mtgpics.chutography.com/NE/Parallax%20Dementia.full.jpg
parallax_inhibitor.jpg	http://mtgpics.chutography.com/NE/Parallax%20Inhibitor.full.jpg
parallax_nexus.jpg	http://mtgpics.chutography.com/NE/Parallax%20Nexus.full.jpg
parallax_tide.jpg	http://mtgpics.chutography.com/NE/Parallax%20Tide.full.jpg
parallax_wave.jpg	http://mtgpics.chutography.com/NE/Parallax%20Wave.full.jpg
parallectric_feedback.jpg	http://mtgpics.chutography.com/GP/Parallectric%20Feedback.full.jpg
parallel_evolution.jpg	http://mtgpics.chutography.com/TO/Parallel%20Evolution.full.jpg
parallel_thoughts.jpg	http://mtgpics.chutography.com/SC/Parallel%20Thoughts.full.jpg
paralyze.jpg	http://mtgpics.chutography.com/5E/Paralyze.full.jpg
paralyzing_grasp.jpg	http://pics.slightlymagic.net/ZEN/Paralyzing%20Grasp.full.jpg
parapet.jpg	http://mtgpics.chutography.com/VI/Parapet.full.jpg
parapet_watchers.jpg	http://mtgpics.chutography.com/SHM/Parapet%20Watchers.full.jpg
parasitic_bond.jpg	http://mtgpics.chutography.com/US/Parasitic%20Bond.full.jpg
parasitic_strix.jpg	http://mtgpics.chutography.com/CFX/Parasitic%20Strix.full.jpg
parch.jpg	http://mtgpics.chutography.com/UL/Parch.full.jpg
pardic_arsonist.jpg	http://mtgpics.chutography.com/TO/Pardic%20Arsonist.full.jpg
pardic_collaborator.jpg	http://mtgpics.chutography.com/TO/Pardic%20Collaborator.full.jpg
pardic_dragon.jpg	http://mtgpics.chutography.com/TSP/Pardic%20Dragon.full.jpg
pardic_firecat.jpg	http://mtgpics.chutography.com/OD/Pardic%20Firecat.full.jpg
pardic_lancer.jpg	http://mtgpics.chutography.com/TO/Pardic%20Lancer.full.jpg
pardic_miner.jpg	http://mtgpics.chutography.com/OD/Pardic%20Miner.full.jpg
pardic_swordsmith.jpg	http://mtgpics.chutography.com/OD/Pardic%20Swordsmith.full.jpg
pariah.jpg	http://mtgpics.chutography.com/10E/Pariah.full.jpg
pariahs_shield.jpg	http://mtgpics.chutography.com/RAV/Pariah's%20Shield.full.jpg
paroxysm.jpg	http://mtgpics.chutography.com/EX/Paroxysm.full.jpg
part_the_veil.jpg	http://mtgpics.chutography.com/CHK/Part%20the%20Veil.full.jpg
part_water.jpg	http://mtgpics.chutography.com/LG/Part%20Water.full.jpg
patagia_golem.jpg	http://mtgpics.chutography.com/8E/Patagia%20Golem.full.jpg
patagia_viper.jpg	http://mtgpics.chutography.com/DIS/Patagia%20Viper.full.jpg
patchwork_gnomes.jpg	http://mtgpics.chutography.com/OD/Patchwork%20Gnomes.full.jpg
path_of_angers_flame.jpg	http://mtgpics.chutography.com/SOK/Path%20of%20Anger's%20Flame.full.jpg
path_of_peace.jpg	http://mtgpics.chutography.com/US/Path%20of%20Peace.full.jpg
path_to_exile.jpg	http://mtgpics.chutography.com/CFX/Path%20to%20Exile.full.jpg
patriarchs_bidding.jpg	http://mtgpics.chutography.com/ON/Patriarch's%20Bidding.full.jpg
patriarchs_desire.jpg	http://mtgpics.chutography.com/OD/Patriarch's%20Desire.full.jpg
patricians_scorn.jpg	http://mtgpics.chutography.com/FUT/Patrician's%20Scorn.full.jpg
patrol_hound.jpg	http://mtgpics.chutography.com/OD/Patrol%20Hound.full.jpg
patrol_signaler.jpg	http://mtgpics.chutography.com/EVE/Patrol%20Signaler.full.jpg
patron_of_the_akki.jpg	http://mtgpics.chutography.com/BOK/Patron%20of%20the%20Akki.full.jpg
patron_of_the_kitsune.jpg	http://mtgpics.chutography.com/BOK/Patron%20of%20the%20Kitsune.full.jpg
patron_of_the_moon.jpg	http://mtgpics.chutography.com/BOK/Patron%20of%20the%20Moon.full.jpg
patron_of_the_nezumi.jpg	http://mtgpics.chutography.com/BOK/Patron%20of%20the%20Nezumi.full.jpg
patron_of_the_orochi.jpg	http://mtgpics.chutography.com/BOK/Patron%20of%20the%20Orochi.full.jpg
patron_of_the_wild.jpg	http://mtgpics.chutography.com/LE/Patron%20of%20the%20Wild.full.jpg
patron_wizard.jpg	http://mtgpics.chutography.com/OD/Patron%20Wizard.full.jpg
pattern_of_rebirth.jpg	http://mtgpics.chutography.com/UD/Pattern%20of%20Rebirth.full.jpg
paupers_cage.jpg	http://mtgpics.chutography.com/MI/Paupers'%20Cage.full.jpg
pavel_maliki.jpg	http://mtgpics.chutography.com/LG/Pavel%20Maliki.full.jpg
pay_no_heed.jpg	http://mtgpics.chutography.com/TO/Pay%20No%20Heed.full.jpg
peace_and_quiet.jpg	http://mtgpics.chutography.com/UL/Peace%20and%20Quiet.full.jpg
peace_of_mind.jpg	http://mtgpics.chutography.com/9E/Peace%20of%20Mind.full.jpg
peace_talks.jpg	http://mtgpics.chutography.com/VI/Peace%20Talks.full.jpg
peacekeeper.jpg	http://mtgpics.chutography.com/WL/Peacekeeper.full.jpg
peach_garden_oath.jpg	http://mtgpics.chutography.com/8E/Peach%20Garden%20Oath.full.jpg
pearl_dragon.jpg	http://mtgpics.chutography.com/6E/Pearl%20Dragon.full.jpg
pearl_medallion.jpg	http://mtgpics.chutography.com/TE/Pearl%20Medallion.full.jpg
pearl_shard.jpg	http://mtgpics.chutography.com/MR/Pearl%20Shard.full.jpg
pearled_unicorn.jpg	http://mtgpics.chutography.com/5E/Pearled%20Unicorn.full.jpg
pearlspear_courier.jpg	http://mtgpics.chutography.com/ON/Pearlspear%20Courier.full.jpg
peat_bog.jpg	http://mtgpics.chutography.com/MM/Peat%20Bog.full.jpg
pedantic_learning.jpg	http://mtgpics.chutography.com/OD/Pedantic%20Learning.full.jpg
peek.jpg	http://mtgpics.chutography.com/10E/Peek.full.jpg
peel_from_reality.jpg	http://mtgpics.chutography.com/RAV/Peel%20From%20Reality.full.jpg
peer_pressure.jpg	http://mtgpics.chutography.com/ON/Peer%20Pressure.full.jpg
peer_through_depths.jpg	http://mtgpics.chutography.com/CHK/Peer%20Through%20Depths.full.jpg
pegasus.jpg	http://mtgpics.chutography.com/AT/Pegasus.full.jpg
pegasus_charger.jpg	http://mtgpics.chutography.com/9E/Pegasus%20Charger.full.jpg
pegasus_refuge.jpg	http://mtgpics.chutography.com/TE/Pegasus%20Refuge.full.jpg
pegasus_stampede.jpg	http://mtgpics.chutography.com/AT/Pegasus%20Stampede.full.jpg
pemmins_aura.jpg	http://mtgpics.chutography.com/SC/Pemmin's%20Aura.full.jpg
penance.jpg	http://mtgpics.chutography.com/EX/Penance.full.jpg
pendelhaven.jpg	http://mtgpics.chutography.com/LG/Pendelhaven.full.jpg
pendelhaven_elder.jpg	http://mtgpics.chutography.com/TSP/Pendelhaven%20Elder.full.jpg
pendrell_drake.jpg	http://mtgpics.chutography.com/US/Pendrell%20Drake.full.jpg
pendrell_flux.jpg	http://mtgpics.chutography.com/US/Pendrell%20Flux.full.jpg
pendrell_mists.jpg	http://mtgpics.chutography.com/WL/Pendrell%20Mists.full.jpg
pentad_prism.jpg	http://mtgpics.chutography.com/FD/Pentad%20Prism.full.jpg
pentagram_of_the_ages.jpg	http://mtgpics.chutography.com/6E/Pentagram%20of%20the%20Ages.full.jpg
pentarch_paladin.jpg	http://mtgpics.chutography.com/TSP/Pentarch%20Paladin.full.jpg
pentarch_ward.jpg	http://mtgpics.chutography.com/TSP/Pentarch%20Ward.full.jpg
pentavus.jpg	http://mtgpics.chutography.com/MR/Pentavus.full.jpg
penumbra_bobcat.jpg	http://mtgpics.chutography.com/AP/Penumbra%20Bobcat.full.jpg
penumbra_kavu.jpg	http://mtgpics.chutography.com/AP/Penumbra%20Kavu.full.jpg
penumbra_spider.jpg	http://mtgpics.chutography.com/TSP/Penumbra%20Spider.full.jpg
penumbra_wurm.jpg	http://mtgpics.chutography.com/AP/Penumbra%20Wurm.full.jpg
people_of_the_woods.jpg	http://mtgpics.chutography.com/DK/People%20of%20the%20Woods.full.jpg
peppersmoke.jpg	http://mtgpics.chutography.com/LRW/Peppersmoke.full.jpg
peregrine_drake.jpg	http://mtgpics.chutography.com/US/Peregrine%20Drake.full.jpg
peregrine_mask.jpg	http://mtgpics.chutography.com/RAV/Peregrine%20Mask.full.jpg
perilous_forays.jpg	http://mtgpics.chutography.com/RAV/Perilous%20Forays.full.jpg
perilous_research.jpg	http://mtgpics.chutography.com/CS/Perilous%20Research.full.jpg
perish.jpg	http://mtgpics.chutography.com/6E/Perish.full.jpg
pernicious_deed.jpg	http://mtgpics.chutography.com/AP/Pernicious%20Deed.full.jpg
perplex.jpg	http://mtgpics.chutography.com/RAV/Perplex.full.jpg
persecute.jpg	http://mtgpics.chutography.com/9E/Persecute.full.jpg
persecute_artist.jpg	http://mtgpics.chutography.com/UNH/Persecute%20Artist.full.jpg
personal_incarnation.jpg	http://mtgpics.chutography.com/5E/Personal%20Incarnation.full.jpg
personal_tutor.jpg	http://mtgpics.chutography.com/PT/Personal%20Tutor.full.jpg
persuasion.jpg	http://mtgpics.chutography.com/10E/Persuasion.full.jpg
pestermite.jpg	http://mtgpics.chutography.com/LRW/Pestermite.full.jpg
pestilence.jpg	http://mtgpics.chutography.com/6E/Pestilence.full.jpg
pestilence_rats.jpg	http://mtgpics.chutography.com/IA/Pestilence%20Rats.full.jpg
pestilent_kathari.jpg	http://mtgpics.chutography.com/CFX/Pestilent%20Kathari.full.jpg
petalmane_baku.jpg	http://mtgpics.chutography.com/BOK/Petalmane%20Baku.full.jpg
petals_of_insight.jpg	http://mtgpics.chutography.com/CHK/Petals%20of%20Insight.full.jpg
petra_sphinx.jpg	http://mtgpics.chutography.com/LG/Petra%20Sphinx.full.jpg
petradon.jpg	http://mtgpics.chutography.com/TO/Petradon.full.jpg
petrahydrox.jpg	http://mtgpics.chutography.com/GP/Petrahydrox.full.jpg
petravark.jpg	http://mtgpics.chutography.com/TO/Petravark.full.jpg
petrified_field.jpg	http://mtgpics.chutography.com/OD/Petrified%20Field.full.jpg
petrified_plating.jpg	http://mtgpics.chutography.com/FUT/Petrified%20Plating.full.jpg
petrified_wood_kin.jpg	http://mtgpics.chutography.com/GP/Petrified%20Wood-Kin.full.jpg
pewter_golem.jpg	http://mtgpics.chutography.com/MR/Pewter%20Golem.full.jpg
phage_the_untouchable.jpg	http://mtgpics.chutography.com/10E/Phage%20the%20Untouchable.full.jpg
phantasmagorian.jpg	http://mtgpics.chutography.com/PLC/Phantasmagorian.full.jpg
phantasmal_fiend.jpg	http://mtgpics.chutography.com/AL/Phantasmal%20Fiend1.full.jpg
phantasmal_forces.jpg	http://mtgpics.chutography.com/5E/Phantasmal%20Forces.full.jpg
phantasmal_mount.jpg	http://mtgpics.chutography.com/IA/Phantasmal%20Mount.full.jpg
phantasmal_sphere.jpg	http://mtgpics.chutography.com/AL/Phantasmal%20Sphere.full.jpg
phantasmal_terrain.jpg	http://mtgpics.chutography.com/6E/Phantasmal%20Terrain.full.jpg
phantatog.jpg	http://mtgpics.chutography.com/OD/Phantatog.full.jpg
phantom_centaur.jpg	http://mtgpics.chutography.com/JU/Phantom%20Centaur.full.jpg
phantom_flock.jpg	http://mtgpics.chutography.com/JU/Phantom%20Flock.full.jpg
phantom_monster.jpg	http://mtgpics.chutography.com/5E/Phantom%20Monster.full.jpg
phantom_nantuko.jpg	http://mtgpics.chutography.com/JU/Phantom%20Nantuko.full.jpg
phantom_nishoba.jpg	http://mtgpics.chutography.com/JU/Phantom%20Nishoba.full.jpg
phantom_nomad.jpg	http://mtgpics.chutography.com/JU/Phantom%20Nomad.full.jpg
phantom_tiger.jpg	http://mtgpics.chutography.com/JU/Phantom%20Tiger.full.jpg
phantom_warrior.jpg	http://mtgpics.chutography.com/M10/Phantom%20Warrior.full.jpg
phantom_whelp.jpg	http://mtgpics.chutography.com/OD/Phantom%20Whelp.full.jpg
phantom_wings.jpg	http://mtgpics.chutography.com/WL/Phantom%20Wings.full.jpg
phantom_wurm.jpg	http://mtgpics.chutography.com/TSP/Phantom%20Wurm.full.jpg
phelddagrif.jpg	http://mtgpics.chutography.com/AL/Phelddagrif.full.jpg
phobian_phantasm.jpg	http://mtgpics.chutography.com/CS/Phobian%20Phantasm.full.jpg
phosphorescent_feast.jpg	http://mtgpics.chutography.com/FUT/Phosphorescent%20Feast.full.jpg
phthisis.jpg	http://mtgpics.chutography.com/TSP/Phthisis.full.jpg
phyrexian_altar.jpg	http://mtgpics.chutography.com/IN/Phyrexian%20Altar.full.jpg
phyrexian_arena.jpg	http://mtgpics.chutography.com/9E/Phyrexian%20Arena.full.jpg
phyrexian_battleflies.jpg	http://mtgpics.chutography.com/IN/Phyrexian%20Battleflies.full.jpg
phyrexian_bloodstock.jpg	http://mtgpics.chutography.com/PS/Phyrexian%20Bloodstock.full.jpg
phyrexian_boon.jpg	http://mtgpics.chutography.com/AL/Phyrexian%20Boon1.full.jpg
phyrexian_broodlings.jpg	http://mtgpics.chutography.com/UL/Phyrexian%20Broodlings.full.jpg
phyrexian_colossus.jpg	http://mtgpics.chutography.com/8E/Phyrexian%20Colossus.full.jpg
phyrexian_debaser.jpg	http://mtgpics.chutography.com/UL/Phyrexian%20Debaser.full.jpg
phyrexian_defiler.jpg	http://mtgpics.chutography.com/UL/Phyrexian%20Defiler.full.jpg
phyrexian_delver.jpg	http://mtgpics.chutography.com/IN/Phyrexian%20Delver.full.jpg
phyrexian_denouncer.jpg	http://mtgpics.chutography.com/UL/Phyrexian%20Denouncer.full.jpg
phyrexian_devourer.jpg	http://mtgpics.chutography.com/AL/Phyrexian%20Devourer.full.jpg
phyrexian_dreadnought.jpg	http://mtgpics.chutography.com/MI/Phyrexian%20Dreadnought.full.jpg
phyrexian_driver.jpg	http://mtgpics.chutography.com/NE/Phyrexian%20Driver.full.jpg
phyrexian_etchings.jpg	http://mtgpics.chutography.com/CS/Phyrexian%20Etchings.full.jpg
phyrexian_furnace.jpg	http://mtgpics.chutography.com/WL/Phyrexian%20Furnace.full.jpg
phyrexian_gargantua.jpg	http://mtgpics.chutography.com/9E/Phyrexian%20Gargantua.full.jpg
phyrexian_ghoul.jpg	http://mtgpics.chutography.com/US/Phyrexian%20Ghoul.full.jpg
phyrexian_gremlins.jpg	http://mtgpics.chutography.com/AQ/Phyrexian%20Gremlins.full.jpg
phyrexian_grimoire.jpg	http://mtgpics.chutography.com/TE/Phyrexian%20Grimoire.full.jpg
phyrexian_hulk.jpg	http://mtgpics.chutography.com/9E/Phyrexian%20Hulk.full.jpg
phyrexian_infiltrator.jpg	http://mtgpics.chutography.com/IN/Phyrexian%20Infiltrator.full.jpg
phyrexian_ironfoot.jpg	http://mtgpics.chutography.com/CS/Phyrexian%20Ironfoot.full.jpg
phyrexian_lens.jpg	http://mtgpics.chutography.com/IN/Phyrexian%20Lens.full.jpg
phyrexian_librarian.jpg	http://mtgpics.chutography.com/UNH/Phyrexian%20Librarian.full.jpg
phyrexian_marauder.jpg	http://mtgpics.chutography.com/VI/Phyrexian%20Marauder.full.jpg
phyrexian_monitor.jpg	http://mtgpics.chutography.com/UD/Phyrexian%20Monitor.full.jpg
phyrexian_negator.jpg	http://mtgpics.chutography.com/UD/Phyrexian%20Negator.full.jpg
phyrexian_plaguelord.jpg	http://mtgpics.chutography.com/8E/Phyrexian%20Plaguelord.full.jpg
phyrexian_portal.jpg	http://mtgpics.chutography.com/AL/Phyrexian%20Portal.full.jpg
phyrexian_processor.jpg	http://mtgpics.chutography.com/US/Phyrexian%20Processor.full.jpg
phyrexian_prowler.jpg	http://mtgpics.chutography.com/NE/Phyrexian%20Prowler.full.jpg
phyrexian_purge.jpg	http://mtgpics.chutography.com/MI/Phyrexian%20Purge.full.jpg
phyrexian_rager.jpg	http://mtgpics.chutography.com/10E/Phyrexian%20Rager.full.jpg
phyrexian_reaper.jpg	http://mtgpics.chutography.com/IN/Phyrexian%20Reaper.full.jpg
phyrexian_reclamation.jpg	http://mtgpics.chutography.com/UL/Phyrexian%20Reclamation.full.jpg
phyrexian_scuta.jpg	http://mtgpics.chutography.com/PS/Phyrexian%20Scuta.full.jpg
phyrexian_slayer.jpg	http://mtgpics.chutography.com/IN/Phyrexian%20Slayer.full.jpg
phyrexian_snowcrusher.jpg	http://mtgpics.chutography.com/CS/Phyrexian%20Snowcrusher.full.jpg
phyrexian_soulgorger.jpg	http://mtgpics.chutography.com/CS/Phyrexian%20Soulgorger.full.jpg
phyrexian_splicer.jpg	http://mtgpics.chutography.com/TE/Phyrexian%20Splicer.full.jpg
phyrexian_totem.jpg	http://mtgpics.chutography.com/TSP/Phyrexian%20Totem.full.jpg
phyrexian_tower.jpg	http://mtgpics.chutography.com/US/Phyrexian%20Tower.full.jpg
phyrexian_tribute.jpg	http://mtgpics.chutography.com/MI/Phyrexian%20Tribute.full.jpg
phyrexian_tyranny.jpg	http://mtgpics.chutography.com/PS/Phyrexian%20Tyranny.full.jpg
phyrexian_vault.jpg	http://mtgpics.chutography.com/10E/Phyrexian%20Vault.full.jpg
phyrexian_walker.jpg	http://mtgpics.chutography.com/VI/Phyrexian%20Walker.full.jpg
phyrexian_war_beast.jpg	http://mtgpics.chutography.com/AL/Phyrexian%20War%20Beast1.full.jpg
phytohydra.jpg	http://mtgpics.chutography.com/RAV/Phytohydra.full.jpg
pianna_nomad_captain.jpg	http://mtgpics.chutography.com/OD/Pianna,%20Nomad%20Captain.full.jpg
piety.jpg	http://mtgpics.chutography.com/4E/Piety.full.jpg
piety_charm.jpg	http://mtgpics.chutography.com/ON/Piety%20Charm.full.jpg
pikemen.jpg	http://mtgpics.chutography.com/5E/Pikemen.full.jpg
pilgrim_of_justice.jpg	http://mtgpics.chutography.com/OD/Pilgrim%20of%20Justice.full.jpg
pilgrim_of_virtue.jpg	http://mtgpics.chutography.com/OD/Pilgrim%20of%20Virtue.full.jpg
pili_pala.jpg	http://mtgpics.chutography.com/SHM/Pili-Pala.full.jpg
pillage.jpg	http://mtgpics.chutography.com/7E/Pillage.full.jpg
pillaging_horde.jpg	http://mtgpics.chutography.com/PT/Pillaging%20Horde.full.jpg
pillar_of_the_paruns.jpg	http://mtgpics.chutography.com/DIS/Pillar%20of%20the%20Paruns.full.jpg
pillar_tombs_of_aku.jpg	http://mtgpics.chutography.com/VI/Pillar%20Tombs%20of%20Aku.full.jpg
pillarfield_ox.jpg	http://pics.slightlymagic.net/ZEN/Pillarfield%20Ox.full.jpg
pillory_of_the_sleepless.jpg	http://mtgpics.chutography.com/GP/Pillory%20of%20the%20Sleepless.full.jpg
pincer_spider.jpg	http://mtgpics.chutography.com/IN/Pincer%20Spider.full.jpg
pincher_beetles.jpg	http://mtgpics.chutography.com/10E/Pincher%20Beetles.full.jpg
pine_barrens.jpg	http://mtgpics.chutography.com/TE/Pine%20Barrens.full.jpg
pinecrest_ridge.jpg	http://mtgpics.chutography.com/CHK/Pinecrest%20Ridge.full.jpg
pinpoint_avalanche.jpg	http://mtgpics.chutography.com/ON/Pinpoint%20Avalanche.full.jpg
pious_kitsune.jpg	http://mtgpics.chutography.com/CHK/Pious%20Kitsune.full.jpg
pious_warrior.jpg	http://mtgpics.chutography.com/MM/Pious%20Warrior.full.jpg
pipers_melody.jpg	http://mtgpics.chutography.com/OD/Piper's%20Melody.full.jpg
piracy.jpg	http://mtgpics.chutography.com/ST/Piracy.full.jpg
piracy_charm.jpg	http://mtgpics.chutography.com/PLC/Piracy%20Charm.full.jpg
piranha_marsh.jpg	http://pics.slightlymagic.net/ZEN/Piranha%20Marsh.full.jpg
pirate_ship.jpg	http://mtgpics.chutography.com/5E/Pirate%20Ship.full.jpg
pit_imp.jpg	http://mtgpics.chutography.com/TE/Pit%20Imp.full.jpg
pit_keeper.jpg	http://mtgpics.chutography.com/TSP/Pit%20Keeper.full.jpg
pit_raptor.jpg	http://mtgpics.chutography.com/PY/Pit%20Raptor.full.jpg
pit_scorpion.jpg	http://mtgpics.chutography.com/5E/Pit%20Scorpion.full.jpg
pit_spawn.jpg	http://mtgpics.chutography.com/EX/Pit%20Spawn.full.jpg
pit_trap.jpg	http://mtgpics.chutography.com/7E/Pit%20Trap.full.jpg
pitchstone_wall.jpg	http://mtgpics.chutography.com/TO/Pitchstone%20Wall.full.jpg
pitfall_trap.jpg	http://pics.slightlymagic.net/ZEN/Pitfall%20Trap.full.jpg
pithing_needle.jpg	http://mtgpics.chutography.com/M10/Pithing%20Needle.full.jpg
pixie_queen.jpg	http://mtgpics.chutography.com/LG/Pixie%20Queen.full.jpg
plagiarize.jpg	http://mtgpics.chutography.com/10E/Plagiarize.full.jpg
plague_beetle.jpg	http://mtgpics.chutography.com/10E/Plague%20Beetle.full.jpg
plague_boiler.jpg	http://mtgpics.chutography.com/RAV/Plague%20Boiler.full.jpg
plague_dogs.jpg	http://mtgpics.chutography.com/UD/Plague%20Dogs.full.jpg
plague_fiend.jpg	http://mtgpics.chutography.com/PY/Plague%20Fiend.full.jpg
plague_of_vermin.jpg	http://mtgpics.chutography.com/SHM/Plague%20of%20Vermin.full.jpg
plague_rats.jpg	http://mtgpics.chutography.com/5E/Plague%20Rats.full.jpg
plague_sliver.jpg	http://mtgpics.chutography.com/TSP/Plague%20Sliver.full.jpg
plague_spitter.jpg	http://mtgpics.chutography.com/IN/Plague%20Spitter.full.jpg
plague_spores.jpg	http://mtgpics.chutography.com/IN/Plague%20Spores.full.jpg
plague_wind.jpg	http://mtgpics.chutography.com/10E/Plague%20Wind.full.jpg
plague_witch.jpg	http://mtgpics.chutography.com/NE/Plague%20Witch.full.jpg
plaguebearer.jpg	http://mtgpics.chutography.com/EX/Plaguebearer.full.jpg
plagued_rusalka.jpg	http://mtgpics.chutography.com/GP/Plagued%20Rusalka.full.jpg
planar_birth.jpg	http://mtgpics.chutography.com/US/Planar%20Birth.full.jpg
planar_chaos.jpg	http://mtgpics.chutography.com/JU/Planar%20Chaos.full.jpg
planar_cleansing.jpg	http://mtgpics.chutography.com/M10/Planar%20Cleansing.full.jpg
planar_collapse.jpg	http://mtgpics.chutography.com/UL/Planar%20Collapse.full.jpg
planar_despair.jpg	http://mtgpics.chutography.com/AP/Planar%20Despair.full.jpg
planar_gate.jpg	http://mtgpics.chutography.com/LG/Planar%20Gate.full.jpg
planar_guide.jpg	http://mtgpics.chutography.com/LE/Planar%20Guide.full.jpg
planar_overlay.jpg	http://mtgpics.chutography.com/PS/Planar%20Overlay.full.jpg
planar_portal.jpg	http://mtgpics.chutography.com/8E/Planar%20Portal.full.jpg
planar_void.jpg	http://mtgpics.chutography.com/US/Planar%20Void.full.jpg
planeswalkers_favor.jpg	http://mtgpics.chutography.com/PS/Planeswalker's%20Favor.full.jpg
planeswalkers_fury.jpg	http://mtgpics.chutography.com/PS/Planeswalker's%20Fury.full.jpg
planeswalkers_mirth.jpg	http://mtgpics.chutography.com/PS/Planeswalker's%20Mirth.full.jpg
planeswalkers_mischief.jpg	http://mtgpics.chutography.com/PS/Planeswalker's%20Mischief.full.jpg
planeswalkers_scorn.jpg	http://mtgpics.chutography.com/PS/Planeswalker's%20Scorn.full.jpg
plant_elemental.jpg	http://mtgpics.chutography.com/PT/Plant%20Elemental.full.jpg
plasma_elemental.jpg	http://mtgpics.chutography.com/FD/Plasma%20Elemental.full.jpg
plateau.jpg	http://mtgpics.chutography.com/U/Plateau.full.jpg
plated_geopede.jpg	http://pics.slightlymagic.net/ZEN/Plated%20Geopede.full.jpg
plated_pegasus.jpg	http://mtgpics.chutography.com/TSP/Plated%20Pegasus.full.jpg
plated_rootwalla.jpg	http://mtgpics.chutography.com/EX/Plated%20Rootwalla.full.jpg
plated_slagwurm.jpg	http://mtgpics.chutography.com/MR/Plated%20Slagwurm.full.jpg
plated_sliver.jpg	http://mtgpics.chutography.com/LE/Plated%20Sliver.full.jpg
plated_spider.jpg	http://mtgpics.chutography.com/BD/Plated%20Spider.full.jpg
plated_wurm.jpg	http://mtgpics.chutography.com/P2/Plated%20Wurm.full.jpg
platinum_angel.jpg	http://mtgpics.chutography.com/M10/Platinum%20Angel.full.jpg
plaxcaster_frogling.jpg	http://mtgpics.chutography.com/DIS/Plaxcaster%20Frogling.full.jpg
plaxmanta.jpg	http://mtgpics.chutography.com/DIS/Plaxmanta.full.jpg
pledge_of_loyalty.jpg	http://mtgpics.chutography.com/IN/Pledge%20of%20Loyalty.full.jpg
plover_knights.jpg	http://mtgpics.chutography.com/LRW/Plover%20Knights.full.jpg
plow_through_reito.jpg	http://mtgpics.chutography.com/SOK/Plow%20Through%20Reito.full.jpg
plow_under.jpg	http://mtgpics.chutography.com/8E/Plow%20Under.full.jpg
plumes_of_peace.jpg	http://mtgpics.chutography.com/DIS/Plumes%20of%20Peace.full.jpg
plumeveil.jpg	http://mtgpics.chutography.com/SHM/Plumeveil.full.jpg
plunder.jpg	http://mtgpics.chutography.com/TSP/Plunder.full.jpg
plunge_into_darkness.jpg	http://mtgpics.chutography.com/FD/Plunge%20into%20Darkness.full.jpg
pointy_finger_of_doom.jpg	http://mtgpics.chutography.com/UNH/Pointy%20Finger%20of%20Doom.full.jpg
poison_arrow.jpg	http://mtgpics.chutography.com/P3/Poison%20Arrow.full.jpg
poison_the_well.jpg	http://mtgpics.chutography.com/SHM/Poison%20the%20Well.full.jpg
poisonbelly_ogre.jpg	http://mtgpics.chutography.com/GP/Poisonbelly%20Ogre.full.jpg
polar_kraken.jpg	http://mtgpics.chutography.com/IA/Polar%20Kraken.full.jpg
political_trickery.jpg	http://mtgpics.chutography.com/MI/Political%20Trickery.full.jpg
pollen_lullaby.jpg	http://mtgpics.chutography.com/LRW/Pollen%20Lullaby.full.jpg
pollen_remedy.jpg	http://mtgpics.chutography.com/PS/Pollen%20Remedy.full.jpg
pollenbright_wings.jpg	http://mtgpics.chutography.com/RAV/Pollenbright%20Wings.full.jpg
polluted_bonds.jpg	http://mtgpics.chutography.com/SHM/Polluted%20Bonds.full.jpg
polluted_delta.jpg	http://mtgpics.chutography.com/ON/Polluted%20Delta.full.jpg
polluted_mire.jpg	http://mtgpics.chutography.com/BD/Polluted%20Mire.full.jpg
polymorph.jpg	http://mtgpics.chutography.com/M10/Polymorph.full.jpg
ponder.jpg	http://mtgpics.chutography.com/M10/Ponder.full.jpg
pongify.jpg	http://mtgpics.chutography.com/PLC/Pongify.full.jpg
pooling_venom.jpg	http://mtgpics.chutography.com/FUT/Pooling%20Venom.full.jpg
porphyry_nodes.jpg	http://mtgpics.chutography.com/PLC/Porphyry%20Nodes.full.jpg
port_inspector.jpg	http://mtgpics.chutography.com/MM/Port%20Inspector.full.jpg
portcullis.jpg	http://mtgpics.chutography.com/SH/Portcullis.full.jpg
possessed_aven.jpg	http://mtgpics.chutography.com/TO/Possessed%20Aven.full.jpg
possessed_barbarian.jpg	http://mtgpics.chutography.com/TO/Possessed%20Barbarian.full.jpg
possessed_centaur.jpg	http://mtgpics.chutography.com/TO/Possessed%20Centaur.full.jpg
possessed_nomad.jpg	http://mtgpics.chutography.com/TO/Possessed%20Nomad.full.jpg
possessed_portal.jpg	http://mtgpics.chutography.com/FD/Possessed%20Portal.full.jpg
poultice_sliver.jpg	http://mtgpics.chutography.com/PLC/Poultice%20Sliver.full.jpg
poultrygeist.jpg	http://mtgpics.chutography.com/UG/Poultrygeist.full.jpg
pouncing_jaguar.jpg	http://mtgpics.chutography.com/US/Pouncing%20Jaguar.full.jpg
pouncing_kavu.jpg	http://mtgpics.chutography.com/IN/Pouncing%20Kavu.full.jpg
pouncing_wurm.jpg	http://mtgpics.chutography.com/PLC/Pouncing%20Wurm.full.jpg
powder_keg.jpg	http://mtgpics.chutography.com/UD/Powder%20Keg.full.jpg
power_armor.jpg	http://mtgpics.chutography.com/IN/Power%20Armor.full.jpg
power_artifact.jpg	http://mtgpics.chutography.com/AQ/Power%20Artifact.full.jpg
power_conduit.jpg	http://mtgpics.chutography.com/MR/Power%20Conduit.full.jpg
power_leak.jpg	http://mtgpics.chutography.com/4E/Power%20Leak.full.jpg
power_matrix.jpg	http://mtgpics.chutography.com/MM/Power%20Matrix.full.jpg
power_of_fire.jpg	http://mtgpics.chutography.com/SHM/Power%20of%20Fire.full.jpg
power_sink.jpg	http://mtgpics.chutography.com/6E/Power%20Sink.full.jpg
power_surge.jpg	http://mtgpics.chutography.com/4E/Power%20Surge.full.jpg
power_taint.jpg	http://mtgpics.chutography.com/US/Power%20Taint.full.jpg
powerleech.jpg	http://mtgpics.chutography.com/AQ/Powerleech.full.jpg
powerstone_minefield.jpg	http://mtgpics.chutography.com/AP/Powerstone%20Minefield.full.jpg
pox.jpg	http://mtgpics.chutography.com/5E/Pox.full.jpg
pradesh_gypsies.jpg	http://mtgpics.chutography.com/6E/Pradesh%20Gypsies.full.jpg
prahv_spires_of_order.jpg	http://mtgpics.chutography.com/DIS/Prahv,%20Spires%20of%20Order.full.jpg
preacher.jpg	http://mtgpics.chutography.com/DK/Preacher.full.jpg
precognition.jpg	http://mtgpics.chutography.com/TE/Precognition.full.jpg
predator_dragon.jpg	http://mtgpics.chutography.com/ALA/Predator%20Dragon.full.jpg
predator_flagship.jpg	http://mtgpics.chutography.com/NE/Predator,%20Flagship.full.jpg
predators_strike.jpg	http://mtgpics.chutography.com/MR/Predator's%20Strike.full.jpg
predatory_advantage.jpg	http://mtgpics.chutography.com/ARB/Predatory%20Advantage.full.jpg
predatory_focus.jpg	http://mtgpics.chutography.com/GP/Predatory%20Focus.full.jpg
predatory_hunger.jpg	http://mtgpics.chutography.com/EX/Predatory%20Hunger.full.jpg
predatory_nightstalker.jpg	http://mtgpics.chutography.com/P2/Predatory%20Nightstalker.full.jpg
predatory_urge.jpg	http://pics.slightlymagic.net/ZEN/Predatory%20Urge.full.jpg
predict.jpg	http://mtgpics.chutography.com/OD/Predict.full.jpg
preeminent_captain.jpg	http://mtgpics.chutography.com/MOR/Preeminent%20Captain.full.jpg
preemptive_strike.jpg	http://mtgpics.chutography.com/P3/Preemptive%20Strike.full.jpg
preferred_selection.jpg	http://mtgpics.chutography.com/MI/Preferred%20Selection.full.jpg
premature_burial.jpg	http://mtgpics.chutography.com/TSP/Premature%20Burial.full.jpg
presence_of_gond.jpg	http://mtgpics.chutography.com/SHM/Presence%20of%20Gond.full.jpg
presence_of_the_master.jpg	http://mtgpics.chutography.com/LG/Presence%20of%20the%20Master.full.jpg
presence_of_the_wise.jpg	http://mtgpics.chutography.com/SOK/Presence%20of%20the%20Wise.full.jpg
pretenders_claim.jpg	http://mtgpics.chutography.com/MM/Pretender's%20Claim.full.jpg
price_of_glory.jpg	http://mtgpics.chutography.com/OD/Price%20of%20Glory.full.jpg
price_of_progress.jpg	http://mtgpics.chutography.com/EX/Price%20of%20Progress.full.jpg
prickly_boggart.jpg	http://mtgpics.chutography.com/MOR/Prickly%20Boggart.full.jpg
pride_of_lions.jpg	http://mtgpics.chutography.com/7E/Pride%20of%20Lions.full.jpg
pride_of_the_clouds.jpg	http://mtgpics.chutography.com/DIS/Pride%20of%20the%20Clouds.full.jpg
priest_of_gix.jpg	http://mtgpics.chutography.com/US/Priest%20of%20Gix.full.jpg
priest_of_titania.jpg	http://mtgpics.chutography.com/US/Priest%20of%20Titania.full.jpg
priest_of_yawgmoth.jpg	http://mtgpics.chutography.com/AQ/Priest%20of%20Yawgmoth.full.jpg
primal_bellow.jpg	http://pics.slightlymagic.net/ZEN/Primal%20Bellow.full.jpg
primal_beyond.jpg	http://mtgpics.chutography.com/MOR/Primal%20Beyond.full.jpg
primal_boost.jpg	http://mtgpics.chutography.com/ON/Primal%20Boost.full.jpg
primal_clay.jpg	http://mtgpics.chutography.com/6E/Primal%20Clay.full.jpg
primal_command.jpg	http://mtgpics.chutography.com/LRW/Primal%20Command.full.jpg
primal_forcemage.jpg	http://mtgpics.chutography.com/TSP/Primal%20Forcemage.full.jpg
primal_frenzy.jpg	http://mtgpics.chutography.com/OD/Primal%20Frenzy.full.jpg
primal_growth.jpg	http://mtgpics.chutography.com/PS/Primal%20Growth.full.jpg
primal_order.jpg	http://mtgpics.chutography.com/5E/Primal%20Order.full.jpg
primal_plasma.jpg	http://mtgpics.chutography.com/PLC/Primal%20Plasma.full.jpg
primal_rage.jpg	http://mtgpics.chutography.com/10E/Primal%20Rage.full.jpg
primal_whisperer.jpg	http://mtgpics.chutography.com/LE/Primal%20Whisperer.full.jpg
primalcrux.jpg	http://mtgpics.chutography.com/EVE/Primalcrux.full.jpg
primeval_force.jpg	http://mtgpics.chutography.com/8E/Primeval%20Force.full.jpg
primeval_light.jpg	http://mtgpics.chutography.com/GP/Primeval%20Light.full.jpg
primeval_shambler.jpg	http://mtgpics.chutography.com/8E/Primeval%20Shambler.full.jpg
primitive_etchings.jpg	http://mtgpics.chutography.com/SC/Primitive%20Etchings.full.jpg
primitive_justice.jpg	http://mtgpics.chutography.com/AL/Primitive%20Justice.full.jpg
primoc_escapee.jpg	http://mtgpics.chutography.com/LE/Primoc%20Escapee.full.jpg
primordial_ooze.jpg	http://mtgpics.chutography.com/LG/Primordial%20Ooze.full.jpg
primordial_sage.jpg	http://mtgpics.chutography.com/RAV/Primordial%20Sage.full.jpg
prince_of_thralls.jpg	http://mtgpics.chutography.com/ALA/Prince%20of%20Thralls.full.jpg
princess_lucrezia.jpg	http://mtgpics.chutography.com/LG/Princess%20Lucrezia.full.jpg
prismatic_boon.jpg	http://mtgpics.chutography.com/MI/Prismatic%20Boon.full.jpg
prismatic_circle.jpg	http://mtgpics.chutography.com/MI/Prismatic%20Circle.full.jpg
prismatic_lace.jpg	http://mtgpics.chutography.com/MI/Prismatic%20Lace.full.jpg
prismatic_lens.jpg	http://mtgpics.chutography.com/TSP/Prismatic%20Lens.full.jpg
prismatic_omen.jpg	http://mtgpics.chutography.com/SHM/Prismatic%20Omen.full.jpg
prismatic_strands.jpg	http://mtgpics.chutography.com/JU/Prismatic%20Strands.full.jpg
prismatic_ward.jpg	http://mtgpics.chutography.com/5E/Prismatic%20Ward.full.jpg
prismatic_wardrobe.jpg	http://mtgpics.chutography.com/UG/Prismatic%20Wardrobe.full.jpg
prismwake_merrow.jpg	http://mtgpics.chutography.com/SHM/Prismwake%20Merrow.full.jpg
prison_barricade.jpg	http://mtgpics.chutography.com/IN/Prison%20Barricade.full.jpg
prison_term.jpg	http://mtgpics.chutography.com/HOP/Prison%20Term.full.jpg
pristine_angel.jpg	http://mtgpics.chutography.com/DS/Pristine%20Angel.full.jpg
private_research.jpg	http://mtgpics.chutography.com/UD/Private%20Research.full.jpg
privileged_position.jpg	http://mtgpics.chutography.com/RAV/Privileged%20Position.full.jpg
prized_unicorn.jpg	http://mtgpics.chutography.com/M10/Prized%20Unicorn.full.jpg
probe.jpg	http://mtgpics.chutography.com/IN/Probe.full.jpg
proclamation_of_rebirth.jpg	http://mtgpics.chutography.com/DIS/Proclamation%20of%20Rebirth.full.jpg
prodigal_pyromancer.jpg	http://mtgpics.chutography.com/M10/Prodigal%20Pyromancer.full.jpg
prodigal_sorcerer.jpg	http://mtgpics.chutography.com/7E/Prodigal%20Sorcerer.full.jpg
profane_command.jpg	http://mtgpics.chutography.com/HOP/Profane%20Command.full.jpg
profane_prayers.jpg	http://mtgpics.chutography.com/ON/Profane%20Prayers.full.jpg
progenitus.jpg	http://mtgpics.chutography.com/CFX/Progenitus.full.jpg
prohibit.jpg	http://mtgpics.chutography.com/IN/Prohibit.full.jpg
promise_of_bunrei.jpg	http://mtgpics.chutography.com/SOK/Promise%20of%20Bunrei.full.jpg
promise_of_power.jpg	http://mtgpics.chutography.com/MR/Promise%20of%20Power.full.jpg
promised_kannushi.jpg	http://mtgpics.chutography.com/SOK/Promised%20Kannushi.full.jpg
propaganda.jpg	http://mtgpics.chutography.com/TE/Propaganda.full.jpg
proper_burial.jpg	http://mtgpics.chutography.com/DIS/Proper%20Burial.full.jpg
prophecy.jpg	http://mtgpics.chutography.com/HL/Prophecy.full.jpg
prophetic_bolt.jpg	http://mtgpics.chutography.com/AP/Prophetic%20Bolt.full.jpg
proposal.jpg	http://mtgpics.chutography.com/PR/Proposal.full.jpg
prosperity.jpg	http://mtgpics.chutography.com/6E/Prosperity.full.jpg
protean_hulk.jpg	http://mtgpics.chutography.com/DIS/Protean%20Hulk.full.jpg
protean_hydra.jpg	http://mtgpics.chutography.com/M10/Protean%20Hydra.full.jpg
protective_bubble.jpg	http://mtgpics.chutography.com/LRW/Protective%20Bubble.full.jpg
protective_sphere.jpg	http://mtgpics.chutography.com/IN/Protective%20Sphere.full.jpg
proteus_machine.jpg	http://mtgpics.chutography.com/SC/Proteus%20Machine.full.jpg
proteus_staff.jpg	http://mtgpics.chutography.com/MR/Proteus%20Staff.full.jpg
protomatter_powder.jpg	http://mtgpics.chutography.com/ALA/Protomatter%20Powder.full.jpg
provoke.jpg	http://mtgpics.chutography.com/SH/Provoke.full.jpg
prowess_of_the_fair.jpg	http://mtgpics.chutography.com/LRW/Prowess%20of%20the%20Fair.full.jpg
prowling_nightstalker.jpg	http://mtgpics.chutography.com/P2/Prowling%20Nightstalker.full.jpg
prowling_pangolin.jpg	http://mtgpics.chutography.com/ON/Prowling%20Pangolin.full.jpg
psionic_blast.jpg	http://mtgpics.chutography.com/TSB/Psionic%20Blast.full.jpg
psionic_entity.jpg	http://mtgpics.chutography.com/LG/Psionic%20Entity.full.jpg
psionic_gift.jpg	http://mtgpics.chutography.com/OD/Psionic%20Gift.full.jpg
psionic_sliver.jpg	http://mtgpics.chutography.com/TSP/Psionic%20Sliver.full.jpg
psychatog.jpg	http://mtgpics.chutography.com/OD/Psychatog.full.jpg
psychic_allergy.jpg	http://mtgpics.chutography.com/DK/Psychic%20Allergy.full.jpg
psychic_battle.jpg	http://mtgpics.chutography.com/IN/Psychic%20Battle.full.jpg
psychic_drain.jpg	http://mtgpics.chutography.com/RAV/Psychic%20Drain.full.jpg
psychic_membrane.jpg	http://mtgpics.chutography.com/MR/Psychic%20Membrane.full.jpg
psychic_network.jpg	http://mtgpics.chutography.com/UG/Psychic%20Network.full.jpg
psychic_overload.jpg	http://mtgpics.chutography.com/DS/Psychic%20Overload.full.jpg
psychic_possession.jpg	http://mtgpics.chutography.com/DIS/Psychic%20Possession.full.jpg
psychic_puppetry.jpg	http://mtgpics.chutography.com/CHK/Psychic%20Puppetry.full.jpg
psychic_purge.jpg	http://mtgpics.chutography.com/LG/Psychic%20Purge.full.jpg
psychic_spear.jpg	http://mtgpics.chutography.com/BOK/Psychic%20Spear.full.jpg
psychic_theft.jpg	http://mtgpics.chutography.com/PY/Psychic%20Theft.full.jpg
psychic_trance.jpg	http://mtgpics.chutography.com/ON/Psychic%20Trance.full.jpg
psychic_transfer.jpg	http://mtgpics.chutography.com/MI/Psychic%20Transfer.full.jpg
psychic_venom.jpg	http://mtgpics.chutography.com/6E/Psychic%20Venom.full.jpg
psychic_vortex.jpg	http://mtgpics.chutography.com/WL/Psychic%20Vortex.full.jpg
psychogenic_probe.jpg	http://mtgpics.chutography.com/MR/Psychogenic%20Probe.full.jpg
psychotic_episode.jpg	http://mtgpics.chutography.com/TSP/Psychotic%20Episode.full.jpg
psychotic_fury.jpg	http://mtgpics.chutography.com/DIS/Psychotic%20Fury.full.jpg
psychotic_haze.jpg	http://mtgpics.chutography.com/TO/Psychotic%20Haze.full.jpg
psychotrope_thallid.jpg	http://mtgpics.chutography.com/PLC/Psychotrope%20Thallid.full.jpg
pteron_ghost.jpg	http://mtgpics.chutography.com/DS/Pteron%20Ghost.full.jpg
pucas_mischief.jpg	http://mtgpics.chutography.com/SHM/Puca's%20Mischief.full.jpg
puffer_extract.jpg	http://mtgpics.chutography.com/MM/Puffer%20Extract.full.jpg
pull_from_eternity.jpg	http://mtgpics.chutography.com/TSP/Pull%20from%20Eternity.full.jpg
pull_under.jpg	http://mtgpics.chutography.com/CHK/Pull%20Under.full.jpg
pulling_teeth.jpg	http://mtgpics.chutography.com/MOR/Pulling%20Teeth.full.jpg
pulmonic_sliver.jpg	http://mtgpics.chutography.com/TSP/Pulmonic%20Sliver.full.jpg
pulsating_illusion.jpg	http://mtgpics.chutography.com/OD/Pulsating%20Illusion.full.jpg
pulse_of_llanowar.jpg	http://mtgpics.chutography.com/IN/Pulse%20of%20Llanowar.full.jpg
pulse_of_the_dross.jpg	http://mtgpics.chutography.com/DS/Pulse%20of%20the%20Dross.full.jpg
pulse_of_the_fields.jpg	http://mtgpics.chutography.com/DS/Pulse%20of%20the%20Fields.full.jpg
pulse_of_the_forge.jpg	http://mtgpics.chutography.com/DS/Pulse%20of%20the%20Forge.full.jpg
pulse_of_the_grid.jpg	http://mtgpics.chutography.com/DS/Pulse%20of%20the%20Grid.full.jpg
pulse_of_the_tangle.jpg	http://mtgpics.chutography.com/DS/Pulse%20of%20the%20Tangle.full.jpg
pulsemage_advocate.jpg	http://mtgpics.chutography.com/JU/Pulsemage%20Advocate.full.jpg
pulverize.jpg	http://mtgpics.chutography.com/MM/Pulverize.full.jpg
punctuate.jpg	http://mtgpics.chutography.com/UNH/Punctuate.full.jpg
puncture_blast.jpg	http://mtgpics.chutography.com/EVE/Puncture%20Blast.full.jpg
puncture_bolt.jpg	http://mtgpics.chutography.com/SHM/Puncture%20Bolt.full.jpg
punish_ignorance.jpg	http://mtgpics.chutography.com/ALA/Punish%20Ignorance.full.jpg
punishing_fire.jpg	http://pics.slightlymagic.net/ZEN/Punishing%20Fire.full.jpg
puppet_conjurer.jpg	http://mtgpics.chutography.com/ALA/Puppet%20Conjurer.full.jpg
puppet_master.jpg	http://mtgpics.chutography.com/LG/Puppet%20Master.full.jpg
puppet_strings.jpg	http://mtgpics.chutography.com/TE/Puppet%20Strings.full.jpg
puppeteer.jpg	http://mtgpics.chutography.com/10E/Puppeteer.full.jpg
puppeteer_clique.jpg	http://mtgpics.chutography.com/SHM/Puppeteer%20Clique.full.jpg
puppets_verdict.jpg	http://mtgpics.chutography.com/MM/Puppet's%20Verdict.full.jpg
pure_intentions.jpg	http://mtgpics.chutography.com/SOK/Pure%20Intentions.full.jpg
pure_reflection.jpg	http://mtgpics.chutography.com/IN/Pure%20Reflection.full.jpg
purelace.jpg	http://mtgpics.chutography.com/4E/Purelace.full.jpg
puresight_merrow.jpg	http://mtgpics.chutography.com/SHM/Puresight%20Merrow.full.jpg
puresimple.jpg	http://mtgpics.chutography.com/DIS/PureSimple.full.jpg
purgatory.jpg	http://mtgpics.chutography.com/MI/Purgatory.full.jpg
purge.jpg	http://mtgpics.chutography.com/DS/Purge.full.jpg
purging_scythe.jpg	http://mtgpics.chutography.com/US/Purging%20Scythe.full.jpg
purify.jpg	http://mtgpics.chutography.com/7E/Purify.full.jpg
purity.jpg	http://mtgpics.chutography.com/LRW/Purity.full.jpg
purraj_of_urborg.jpg	http://mtgpics.chutography.com/MI/Purraj%20of%20Urborg.full.jpg
pursuit_of_knowledge.jpg	http://mtgpics.chutography.com/SH/Pursuit%20of%20Knowledge.full.jpg
pus_kami.jpg	http://mtgpics.chutography.com/BOK/Pus%20Kami.full.jpg
put_away.jpg	http://mtgpics.chutography.com/SHM/Put%20Away.full.jpg
putrefaction.jpg	http://mtgpics.chutography.com/MM/Putrefaction.full.jpg
putrefy.jpg	http://mtgpics.chutography.com/RAV/Putrefy.full.jpg
putrid_cyclops.jpg	http://mtgpics.chutography.com/FUT/Putrid%20Cyclops.full.jpg
putrid_imp.jpg	http://mtgpics.chutography.com/TO/Putrid%20Imp.full.jpg
putrid_leech.jpg	http://mtgpics.chutography.com/ARB/Putrid%20Leech.full.jpg
putrid_raptor.jpg	http://mtgpics.chutography.com/SC/Putrid%20Raptor.full.jpg
putrid_warrior.jpg	http://mtgpics.chutography.com/AP/Putrid%20Warrior.full.jpg
pygmy_allosaurus.jpg	http://mtgpics.chutography.com/IA/Pygmy%20Allosaurus.full.jpg
pygmy_giant.jpg	http://mtgpics.chutography.com/UNH/Pygmy%20Giant.full.jpg
pygmy_hippo.jpg	http://mtgpics.chutography.com/VI/Pygmy%20Hippo.full.jpg
pygmy_kavu.jpg	http://mtgpics.chutography.com/PS/Pygmy%20Kavu.full.jpg
pygmy_pyrosaur.jpg	http://mtgpics.chutography.com/7E/Pygmy%20Pyrosaur.full.jpg
pygmy_razorback.jpg	http://mtgpics.chutography.com/PY/Pygmy%20Razorback.full.jpg
pygmy_troll.jpg	http://mtgpics.chutography.com/EX/Pygmy%20Troll.full.jpg
pyknite.jpg	http://mtgpics.chutography.com/IA/Pyknite.full.jpg
pyramids.jpg	http://mtgpics.chutography.com/AN/Pyramids.full.jpg
pyre_charger.jpg	http://mtgpics.chutography.com/SHM/Pyre%20Charger.full.jpg
pyre_zombie.jpg	http://mtgpics.chutography.com/IN/Pyre%20Zombie.full.jpg
pyric_salamander.jpg	http://mtgpics.chutography.com/MI/Pyric%20Salamander.full.jpg
pyrite_spellbomb.jpg	http://mtgpics.chutography.com/MR/Pyrite%20Spellbomb.full.jpg
pyroblast.jpg	http://mtgpics.chutography.com/5E/Pyroblast.full.jpg
pyroclasm.jpg	http://mtgpics.chutography.com/M10/Pyroclasm.full.jpg
pyroclast_consul.jpg	http://mtgpics.chutography.com/MOR/Pyroclast%20Consul.full.jpg
pyrohemia.jpg	http://mtgpics.chutography.com/PLC/Pyrohemia.full.jpg
pyrokinesis.jpg	http://mtgpics.chutography.com/AL/Pyrokinesis.full.jpg
pyromancer_ascension.jpg	http://pics.slightlymagic.net/ZEN/Pyromancer%20Ascension.full.jpg
pyromancers_swath.jpg	http://mtgpics.chutography.com/FUT/Pyromancer's%20Swath.full.jpg
pyromancy.jpg	http://mtgpics.chutography.com/UL/Pyromancy.full.jpg
pyromania.jpg	http://mtgpics.chutography.com/TO/Pyromania.full.jpg
pyromatics.jpg	http://mtgpics.chutography.com/GP/Pyromatics.full.jpg
pyrostatic_pillar.jpg	http://mtgpics.chutography.com/SC/Pyrostatic%20Pillar.full.jpg
pyrotechnics.jpg	http://mtgpics.chutography.com/8E/Pyrotechnics.full.jpg
pyrrhic_revival.jpg	http://mtgpics.chutography.com/EVE/Pyrrhic%20Revival.full.jpg
python.jpg	http://mtgpics.chutography.com/6E/Python.full.jpg